country,state,guide_number,id,url,title_en,title_es,source_id,region_id
Colombia,Amazonas,704,fg_704,http://fieldguides.fieldmuseum.org/guides/guide/704,Amphibians and Reptiles of Amacayacu National Park,Anfibios y Reptiles del Parque Nacional Amacayacu,CO.AM,1238c5a8-f1c9-4d74-aafe-247a79479fc7
Colombia,Amazonas,447,fg_447,http://fieldguides.fieldmuseum.org/guides/guide/447,Amphibians and Reptiles of Reserva Palmarí,Anfibios y Reptiles de la Reserva Palmari,CO.AM,1238c5a8-f1c9-4d74-aafe-247a79479fc7
Colombia,Amazonas,249,fg_249,http://fieldguides.fieldmuseum.org/guides/guide/249,Butterflies of Amazonia (Hesperiidae),Mariposas: Hesperiidae de la Amazonía,CO.AM,1238c5a8-f1c9-4d74-aafe-247a79479fc7
Colombia,Amazonas,225,fg_225,http://fieldguides.fieldmuseum.org/guides/guide/225,Butterflies of Amazonia (Lycaenidae),Mariposas: Lycaenidae de la Amazonía,CO.AM,1238c5a8-f1c9-4d74-aafe-247a79479fc7
Colombia,Amazonas,206,fg_206,http://fieldguides.fieldmuseum.org/guides/guide/206,"Butterflies of Amazonia (Nymphalidae, Biblidinae)",Mariposas: Nymphalidae: Biblidinae de la Amazonía,CO.AM,1238c5a8-f1c9-4d74-aafe-247a79479fc7
Colombia,Amazonas,201,fg_201,http://fieldguides.fieldmuseum.org/guides/guide/201,"Butterflies of Amazonia (Nymphalidae, Brassolinae, Morphinae)",Mariposas: Nymphalidae: Brassolinae y Morphinae  de la Amazonía,CO.AM,1238c5a8-f1c9-4d74-aafe-247a79479fc7
Colombia,Amazonas,223,fg_223,http://fieldguides.fieldmuseum.org/guides/guide/223,"Butterflies of Amazonia (Nymphalidae, Heliconinae, Ithomiinae)",Mariposas: Nymphalidae: Heliconinae e Ithomiinae de la Amazonía,CO.AM,1238c5a8-f1c9-4d74-aafe-247a79479fc7
Colombia,Amazonas,207,fg_207,http://fieldguides.fieldmuseum.org/guides/guide/207,"Butterflies of Amazonia (Nymphalidae, Limenitidinae, Charaxinae)",Mariposas: Nymphalidae: Limenitidinae y Charaxinae de la Amazonía,CO.AM,1238c5a8-f1c9-4d74-aafe-247a79479fc7
Colombia,Amazonas,208,fg_208,http://fieldguides.fieldmuseum.org/guides/guide/208,"Butterflies of Amazonia (Nymphalidae, Nymphalinae, Apaturinae, Danainae)","Mariposas: Nymphalidae: Nymphalinae, Apaturinae, Danainae de la Amazonía",CO.AM,1238c5a8-f1c9-4d74-aafe-247a79479fc7
Colombia,Amazonas,250,fg_250,http://fieldguides.fieldmuseum.org/guides/guide/250,"Butterflies of Amazonia (Nymphalidae, Satyrinae)",Mariposas: Nymphalidae: Satyrinae de la Amazonía,CO.AM,1238c5a8-f1c9-4d74-aafe-247a79479fc7
Colombia,Amazonas,190,fg_190,http://fieldguides.fieldmuseum.org/guides/guide/190,Butterflies of Amazonia (Papilionidae),Mariposas: Papilionidae de la Amazonía,CO.AM,1238c5a8-f1c9-4d74-aafe-247a79479fc7
Colombia,Amazonas,202,fg_202,http://fieldguides.fieldmuseum.org/guides/guide/202,Butterflies of Amazonia (Pieridae),Mariposas: Pieridae de la Amazonía,CO.AM,1238c5a8-f1c9-4d74-aafe-247a79479fc7
Colombia,Amazonas,224,fg_224,http://fieldguides.fieldmuseum.org/guides/guide/224,Butterflies of Amazonia (Riodinidae),Mariposas: Riodinidae de la Amazonía,CO.AM,1238c5a8-f1c9-4d74-aafe-247a79479fc7
Colombia,Amazonas,427,fg_427,http://fieldguides.fieldmuseum.org/guides/guide/427,Reptiles of Tanimboca,Reptiles de la Reserva Natural Tanimboca,CO.AM,1238c5a8-f1c9-4d74-aafe-247a79479fc7
Colombia,Arauca,698,fg_698,http://fieldguides.fieldmuseum.org/guides/guide/698,Birds of Arauca,Aves de la Ciudad de Arauca,CO.AR,3b5b33a1-c89d-4654-a1cf-4674d97204b8
Colombia,Arauca,248,fg_248,http://fieldguides.fieldmuseum.org/guides/guide/248,"Fruits, Seeds, and Flowers Consumed by Fish in Orinoquía","Frutos, Semillas y Flores Consumidos por Peces en la Orinoquía",CO.AR,3b5b33a1-c89d-4654-a1cf-4674d97204b8
Colombia,San Andrés y Providencia,626,fg_626,http://fieldguides.fieldmuseum.org/guides/guide/626,Carcinofauna of Providencia and Santa Catalina,Carcinofauna de las Islas de Providencia y Santa Catalina,CO.SA,1360b1e4-2754-4aaa-bfb1-ec7335aa255e
Colombia,San Andrés y Providencia,647,fg_647,http://fieldguides.fieldmuseum.org/guides/guide/647,Reptiles and Amphibians of San Andrés,Reptiles y Anfibios de San Andrés,CO.SA,1360b1e4-2754-4aaa-bfb1-ec7335aa255e
Colombia,Atlántico,813,fg_813,http://fieldguides.fieldmuseum.org/guides/guide/813,Lepidoptera of Sucre and Atlántico,Lepidópteros de Sucre y Atlántico,CO.AT,d9de6f61-2a57-4cf3-9de6-96e80184337c
Colombia,Atlántico,353,fg_353,http://fieldguides.fieldmuseum.org/guides/guide/353,Reptiles of Atlántico,Reptiles de Atlántico,CO.AT,d9de6f61-2a57-4cf3-9de6-96e80184337c
Colombia,Bolívar,741,fg_741,http://fieldguides.fieldmuseum.org/guides/guide/741,Arecaceae (Palmae) of the Cartagena Botanical Garden,Arecaceae (Palmae) del Jardín Botánico de Cartagena,CO.BL,f0b4a462-99bd-4ce3-a06a-04ebe8c57c1c
Colombia,Bolívar,487,fg_487,http://fieldguides.fieldmuseum.org/guides/guide/487,"Bark of Trees of the Cartagena Botanical Garden ""Guillermo Piñeres""","Cortezas de Árboles del Jardín Botánico de Cartagena ""Guillermo Piñeres""",CO.BL,f0b4a462-99bd-4ce3-a06a-04ebe8c57c1c
Colombia,Bolívar,488,fg_488,http://fieldguides.fieldmuseum.org/guides/guide/488,Zingiberales of the Cartagena Botanic Garden,Zingiberales del Jardín Botánico de Cartagena,CO.BL,f0b4a462-99bd-4ce3-a06a-04ebe8c57c1c
Colombia,Boyacá,281,fg_281,http://fieldguides.fieldmuseum.org/guides/guide/281,Araceae of Santa María,Aráceas de Santa María,CO.BY,44b4a298-e829-457a-8266-03b2d9a8274c
Colombia,Boyacá,799,fg_799,http://fieldguides.fieldmuseum.org/guides/guide/799,Birds of Almeida,Aves de Almeida,CO.BY,44b4a298-e829-457a-8266-03b2d9a8274c
Colombia,Boyacá,642,fg_642,http://fieldguides.fieldmuseum.org/guides/guide/642,Birds of Buenavista,Aves de Buena Vista,CO.BY,44b4a298-e829-457a-8266-03b2d9a8274c
Colombia,Boyacá,132,fg_132,http://fieldguides.fieldmuseum.org/guides/guide/132,Bromeliads and Heliconias Santa María de Chivor,Bromelias y Heliconias de Santa María de Chivor,CO.BY,44b4a298-e829-457a-8266-03b2d9a8274c
Colombia,Boyacá,611,fg_611,http://fieldguides.fieldmuseum.org/guides/guide/611,Bryophytes and Lichens of Tipacoque,Briófitas y Líquenes de Tipacoque-Boyacá,CO.BY,44b4a298-e829-457a-8266-03b2d9a8274c
Colombia,Boyacá,627,fg_627,http://fieldguides.fieldmuseum.org/guides/guide/627,Common Diurnal Birds of Boyacá,Aves Diurnas Comunes de Boyacá,CO.BY,44b4a298-e829-457a-8266-03b2d9a8274c
Colombia,Boyacá,326,fg_326,http://fieldguides.fieldmuseum.org/guides/guide/326,Common Plants of Spider Monkey Habitat in Magdalena Medio,Plantas Comunes en el Hábitat del Mono Araña del Medio Magdalena,CO.BY,44b4a298-e829-457a-8266-03b2d9a8274c
Colombia,Boyacá,945,fg_945,http://fieldguides.fieldmuseum.org/guides/guide/945,"Mosses, Liverworts, and Hornworts of the Teatinos River","Musgos, Hepaticas y Antoceros del Río Teatinos",CO.BY,44b4a298-e829-457a-8266-03b2d9a8274c
Colombia,Boyacá,946,fg_946,http://fieldguides.fieldmuseum.org/guides/guide/946,Orchids of Guanachas Municipal Natural Park,Orchidaceae del Parque Natural Municipal Guanachas,CO.BY,44b4a298-e829-457a-8266-03b2d9a8274c
Colombia,Boyacá,675,fg_675,http://fieldguides.fieldmuseum.org/guides/guide/675,Palms of Páez,Palmeras de Páez,CO.BY,44b4a298-e829-457a-8266-03b2d9a8274c
Colombia,Caldas,948,fg_948,http://fieldguides.fieldmuseum.org/guides/guide/948,Amphibians and Reptiles of La Miel-Tasajos II Sanctuary,Anfibios y Reptiles del Santuario de Fauna y Flora La Miel-Tasajos II,CO.CL,9486e581-ccc8-4407-87d0-1bc4b978832c
Colombia,Caquetá,907,fg_907,http://fieldguides.fieldmuseum.org/guides/guide/907,Amphibians and Reptiles of Las Dalias Natural and Ecotourism Reserve,Anfibios y Reptiles de la Reserva Natural y Ecoturística Las Dalias,CO.CQ,5c34916e-3f7a-4347-968b-4be212b290bc
Colombia,Caquetá,609,fg_609,http://fieldguides.fieldmuseum.org/guides/guide/609,Common Plants of Las Dalias Natural and Ecotourism Reserve,Plantas Comunes de Reserva Natural y Ecoturística Las Dalias,CO.CQ,5c34916e-3f7a-4347-968b-4be212b290bc
Colombia,Caquetá,370,fg_370,http://fieldguides.fieldmuseum.org/guides/guide/370,Piper (Piperaceae) of Caquetá,Piper (Piperaceae) de Caquetá,CO.CQ,5c34916e-3f7a-4347-968b-4be212b290bc
Colombia,Caquetá,610,fg_610,http://fieldguides.fieldmuseum.org/guides/guide/610,Plants of Andakí National Park,Plantas del Parque Andakí,CO.CQ,5c34916e-3f7a-4347-968b-4be212b290bc
Colombia,Caquetá,777,fg_777,http://fieldguides.fieldmuseum.org/guides/guide/777,Serpocaulon (Polypodiaceae) of El Caraño,Serpocaulon (Polypodiaceae) del El Caraño,CO.CQ,5c34916e-3f7a-4347-968b-4be212b290bc
Colombia,Caquetá,227,fg_227,http://fieldguides.fieldmuseum.org/guides/guide/227,Useful Plants of the Indigenous Murui Muinane,Plantas Útiles de los Indígenas Murui Muinane,CO.CQ,5c34916e-3f7a-4347-968b-4be212b290bc
Colombia,Casanare,639,fg_639,http://fieldguides.fieldmuseum.org/guides/guide/639,Cladiaceae and Cladoniaceae of Chámeza,Cladiaceae y Cladoniaceae de Chámeza,CO.CS,9bca7b3a-ca4f-465e-b63d-155775c2f620
Colombia,Casanare,908,fg_908,http://fieldguides.fieldmuseum.org/guides/guide/908,Fishes of the Guachiría and La Hermosa River Basins,Peces de las Cuencas del Guachiría y La Hermosa,CO.CS,9bca7b3a-ca4f-465e-b63d-155775c2f620
Colombia,Casanare,248,fg_248,http://fieldguides.fieldmuseum.org/guides/guide/248,"Fruits, Seeds, and Flowers Consumed by Fish in Orinoquía","Frutos, Semillas y Flores Consumidos por Peces en la Orinoquía",CO.CS,9bca7b3a-ca4f-465e-b63d-155775c2f620
Colombia,Casanare,588,fg_588,http://fieldguides.fieldmuseum.org/guides/guide/588,Lichens (Cora and Dictyonema) of Casanare,Líquenes de los Géneros Cora y Dictyonema,CO.CS,9bca7b3a-ca4f-465e-b63d-155775c2f620
Colombia,Cauca,437,fg_437,http://fieldguides.fieldmuseum.org/guides/guide/437,Lichens of Gorgona Island,Líquenes de la Isla de Gorgona,CO.CA,98e919a1-69f5-4aa9-8a9f-0624ec57788a
Colombia,Cauca,557,fg_557,http://fieldguides.fieldmuseum.org/guides/guide/557,Lichens of Páramo Las Delicias,"Líquenes del Páramo Las Delicias, Municipio Inzá",CO.CA,98e919a1-69f5-4aa9-8a9f-0624ec57788a
Colombia,Cauca,614,fg_614,http://fieldguides.fieldmuseum.org/guides/guide/614,Lichens of the Popayán Botanical Garden,Líquenes del Jardín Botánico de Popayán,CO.CA,98e919a1-69f5-4aa9-8a9f-0624ec57788a
Colombia,Chocó,137,fg_137,http://fieldguides.fieldmuseum.org/guides/guide/137,Araceae of Cabo Corriente,Aráceas de Cabo Corriente,CO.CH,d4feec3a-b4bb-41c4-a292-88e477d90cd1
Colombia,Chocó,640,fg_640,http://fieldguides.fieldmuseum.org/guides/guide/640,Medicinal Plants of Bocas de Bebará,Plantas Medicinales de Bocas de Bebará,CO.CH,d4feec3a-b4bb-41c4-a292-88e477d90cd1
Colombia,Córdoba,445,fg_445,http://fieldguides.fieldmuseum.org/guides/guide/445,Common Mammals of Córdoba,Mamíferos No Voladores Comunes de Córdoba,CO.CO,73f2647a-a1eb-40f1-b4f0-ca6c8c3a0119
Colombia,Cundinamarca,683,fg_683,http://fieldguides.fieldmuseum.org/guides/guide/683,Birds of Chicaque Natural Park,Aves del Parque Natural Chicaque,CO.CU,14ccc537-d72b-43fb-81fb-10536c0b4186
Colombia,Cundinamarca,728,fg_728,http://fieldguides.fieldmuseum.org/guides/guide/728,Birds of Francisco José de Caldas University Campus,Ornitofauna en el Campus de la Universidad Francisco José de Caldas,CO.CU,14ccc537-d72b-43fb-81fb-10536c0b4186
Colombia,Cundinamarca,357,fg_357,http://fieldguides.fieldmuseum.org/guides/guide/357,Birds of Guavio,Aves del Guavio,CO.CU,14ccc537-d72b-43fb-81fb-10536c0b4186
Colombia,Cundinamarca,754,fg_754,http://fieldguides.fieldmuseum.org/guides/guide/754,Birds of Guayabal de Siquima,Aves del Municipio de Guayabal de Siquima,CO.CU,14ccc537-d72b-43fb-81fb-10536c0b4186
Colombia,Cundinamarca,638,fg_638,http://fieldguides.fieldmuseum.org/guides/guide/638,Birds of Humedal Jaboque,Aves del Humedal Jaboque,CO.CU,14ccc537-d72b-43fb-81fb-10536c0b4186
Colombia,Cundinamarca,717,fg_717,http://fieldguides.fieldmuseum.org/guides/guide/717,Birds of Liceo Santa Bárbara,Aves del Liceo Santa Bárbara,CO.CU,14ccc537-d72b-43fb-81fb-10536c0b4186
Colombia,Cundinamarca,688,fg_688,http://fieldguides.fieldmuseum.org/guides/guide/688,Birds of Los Tunos Natural Park,Aves del Parque Natural Los Tunos,CO.CU,14ccc537-d72b-43fb-81fb-10536c0b4186
Colombia,Cundinamarca,653,fg_653,http://fieldguides.fieldmuseum.org/guides/guide/653,Birds of Palo Blanco,Aves de la Vereda Palo Blanco,CO.CU,14ccc537-d72b-43fb-81fb-10536c0b4186
Colombia,Cundinamarca,693,fg_693,http://fieldguides.fieldmuseum.org/guides/guide/693,Birds of the Humedal Conejera-Uzhe Tibacuy,Aves del Humedal Conejera-Uzhe Tibacuy,CO.CU,14ccc537-d72b-43fb-81fb-10536c0b4186
Colombia,Cundinamarca,636,fg_636,http://fieldguides.fieldmuseum.org/guides/guide/636,Birds of the Humedal Itzata,Aves del Humedal Itzata,CO.CU,14ccc537-d72b-43fb-81fb-10536c0b4186
Colombia,Cundinamarca,623,fg_623,http://fieldguides.fieldmuseum.org/guides/guide/623,Birds of the Humedal Tybabuyes,Aves del Humedal Tybabuyes,CO.CU,14ccc537-d72b-43fb-81fb-10536c0b4186
Colombia,Cundinamarca,783,fg_783,http://fieldguides.fieldmuseum.org/guides/guide/783,Butterflies of La Minga,Mariposas de La Minga,CO.CU,14ccc537-d72b-43fb-81fb-10536c0b4186
Colombia,Cundinamarca,687,fg_687,http://fieldguides.fieldmuseum.org/guides/guide/687,Butterflies of Páramo del Tablazo,Mariposas del Páramo del Tablazo,CO.CU,14ccc537-d72b-43fb-81fb-10536c0b4186
Colombia,Cundinamarca,930,fg_930,http://fieldguides.fieldmuseum.org/guides/guide/930,"Butterflies, Diurnal Moths, and Their Host Plants of Virrey and Chicó Urban Parks",Mariposas y Polillas Diurnas de los Parques Urbanos El Virrey y Chicó y Algunas de Sus Plantas Hospederas,CO.CU,14ccc537-d72b-43fb-81fb-10536c0b4186
Colombia,Cundinamarca,618,fg_618,http://fieldguides.fieldmuseum.org/guides/guide/618,Centipedes of Cundinamarca,Chilopoda de la Quebrada de la Vieja,CO.CU,14ccc537-d72b-43fb-81fb-10536c0b4186
Colombia,Cundinamarca,608,fg_608,http://fieldguides.fieldmuseum.org/guides/guide/608,"Common Odonata of Córdoba, Salitre and La Florida Wetlands","Odonata Comunes de los Humedales Córdoba, Salitre y La Florida",CO.CU,14ccc537-d72b-43fb-81fb-10536c0b4186
Colombia,Cundinamarca,133,fg_133,http://fieldguides.fieldmuseum.org/guides/guide/133,"Common Plants of Albán, Granjas del Padre Luna","Plantas Comunes de las Granjas del Padre Luna, Albán",CO.CU,14ccc537-d72b-43fb-81fb-10536c0b4186
Colombia,Cundinamarca,589,fg_589,http://fieldguides.fieldmuseum.org/guides/guide/589,Common Plants of Hyca Sua,Plantas Comunes de Hyca Sua,CO.CU,14ccc537-d72b-43fb-81fb-10536c0b4186
Colombia,Cundinamarca,911,fg_911,http://fieldguides.fieldmuseum.org/guides/guide/911,Daytime Butterflies (Papilionoidea) of Guasca,Mariposas Diurnas (Papilionoidea) de Guasca,CO.CU,14ccc537-d72b-43fb-81fb-10536c0b4186
Colombia,Cundinamarca,829,fg_829,http://fieldguides.fieldmuseum.org/guides/guide/829,Flora of the Páramo de Matarredonda,Flora del Páramo de Matarredonda,CO.CU,14ccc537-d72b-43fb-81fb-10536c0b4186
Colombia,Cundinamarca,708,fg_708,http://fieldguides.fieldmuseum.org/guides/guide/708,Herbaceous Plants of Bosque Las Mercedes,Hierbas del Bosque Las Mercedes,CO.CU,14ccc537-d72b-43fb-81fb-10536c0b4186
Colombia,Cundinamarca,972,fg_972,http://fieldguides.fieldmuseum.org/guides/guide/972,Herbaceous Plants of Jaboque,Plantas Herbáceas de la Microcuenca Jaboque,CO.CU,14ccc537-d72b-43fb-81fb-10536c0b4186
Colombia,Cundinamarca,782,fg_782,http://fieldguides.fieldmuseum.org/guides/guide/782,Immature Butterfly Stages of Butterfly Species,Estados Inmaduros de Mariposas de Cundinamarca,CO.CU,14ccc537-d72b-43fb-81fb-10536c0b4186
Colombia,Cundinamarca,556,fg_556,http://fieldguides.fieldmuseum.org/guides/guide/556,Lichens of the Fucha and Arzobispo Rivers,Líquenes de las Cuencas de los Ríos Fucha y Arzobispo,CO.CU,14ccc537-d72b-43fb-81fb-10536c0b4186
Colombia,Cundinamarca,460,fg_460,http://fieldguides.fieldmuseum.org/guides/guide/460,Lichens of the Madrid cemetery,Líquenes del Cementerio Madrid,CO.CU,14ccc537-d72b-43fb-81fb-10536c0b4186
Colombia,Cundinamarca,595,fg_595,http://fieldguides.fieldmuseum.org/guides/guide/595,"Macrofungi of ""La Reserva"" Biopark","Macrohongos del Bioparque ""La Reserva""",CO.CU,14ccc537-d72b-43fb-81fb-10536c0b4186
Colombia,Cundinamarca,859,fg_859,http://fieldguides.fieldmuseum.org/guides/guide/859,Orchids of Calera,Orquídeas de un Bosque de la Calera,CO.CU,14ccc537-d72b-43fb-81fb-10536c0b4186
Colombia,Cundinamarca,781,fg_781,http://fieldguides.fieldmuseum.org/guides/guide/781,Orchids of Guayabetal Municipality,Orquídeas de Guayabetal,CO.CU,14ccc537-d72b-43fb-81fb-10536c0b4186
Colombia,Cundinamarca,870,fg_870,http://fieldguides.fieldmuseum.org/guides/guide/870,Pronophilina Butterflies in Frailejonal,Mariposas Pronophilina del Frailejonal,CO.CU,14ccc537-d72b-43fb-81fb-10536c0b4186
Colombia,Cundinamarca,817,fg_817,http://fieldguides.fieldmuseum.org/guides/guide/817,Plants of the Humedales del Nor-Occidente,Vegetación de los Humedales del Nor-Occidente de Bogotá,CO.CU,14ccc537-d72b-43fb-81fb-10536c0b4186
Colombia,Guainía,923,fg_923,http://fieldguides.fieldmuseum.org/guides/guide/923,Birds of Guainía,Aves del Departamento del Guainía,CO.GN,df0f42d6-418b-44eb-88ee-ce6a573a3390
Colombia,Guainía,649,fg_649,http://fieldguides.fieldmuseum.org/guides/guide/649,Fishes of Santa Rosa de Sapuara Lagoon,Peces de la Lagoa Santa Rosa de Sapuara,CO.GN,df0f42d6-418b-44eb-88ee-ce6a573a3390
Colombia,Guainía,932,fg_932,http://fieldguides.fieldmuseum.org/guides/guide/932,Orchids of La Estrella Fluvial de Inírida Ramsar Site,"Orquídeas de La Estrella Fluvial de Inírida, Sitio Ramsar",CO.GN,df0f42d6-418b-44eb-88ee-ce6a573a3390
Colombia,Guainía,349,fg_349,http://fieldguides.fieldmuseum.org/guides/guide/349,Plants of the Guiana Shield,Plantas del Escudo Guayanés,CO.GN,df0f42d6-418b-44eb-88ee-ce6a573a3390
Colombia,Guaviare,866,fg_866,http://fieldguides.fieldmuseum.org/guides/guide/866,Amphibians and Reptiles of the Serranías Guaviare,Anfibios y Reptiles de la Serranías de Guaviare,CO.GV,4f2c6016-3be5-4ecd-ac52-2789e60ac0ee
Colombia,Guaviare,665,fg_665,http://fieldguides.fieldmuseum.org/guides/guide/665,Birds of Guaviare,Aves de Guaviare,CO.GV,4f2c6016-3be5-4ecd-ac52-2789e60ac0ee
Colombia,Guaviare,550,fg_550,http://fieldguides.fieldmuseum.org/guides/guide/550,Birds of San José del Guaviare,Aves de Guaviare,CO.GV,4f2c6016-3be5-4ecd-ac52-2789e60ac0ee
Colombia,Guaviare,707,fg_707,http://fieldguides.fieldmuseum.org/guides/guide/707,Birds of the Humedal San José,Avifauna del Humedal San José,CO.GV,4f2c6016-3be5-4ecd-ac52-2789e60ac0ee
Colombia,Guaviare,924,fg_924,http://fieldguides.fieldmuseum.org/guides/guide/924,Birds of the Serranías del Guaviare,Aves de las Serranías del Guaviare,CO.GV,4f2c6016-3be5-4ecd-ac52-2789e60ac0ee
Colombia,Guaviare,842,fg_842,http://fieldguides.fieldmuseum.org/guides/guide/842,Fishes of the Inírida and Guaviare Rivers,Peces de los Ríos Inírida y Guaviare,CO.GV,4f2c6016-3be5-4ecd-ac52-2789e60ac0ee
Colombia,Guaviare,944,fg_944,http://fieldguides.fieldmuseum.org/guides/guide/944,"Flora, Fauna, and Tourist Attractions of Guaviare","Especies Vistosas de Flora y Fauna, y Sitios Turísticos del Guaviare",CO.GV,4f2c6016-3be5-4ecd-ac52-2789e60ac0ee
Colombia,Guaviare,880,fg_880,http://fieldguides.fieldmuseum.org/guides/guide/880,Mammals of the Serranía de La Lindosa,Mamíferos de los Alrededores de la Serranía de La Lindosa,CO.GV,4f2c6016-3be5-4ecd-ac52-2789e60ac0ee
Colombia,Huila,819,fg_819,http://fieldguides.fieldmuseum.org/guides/guide/819,Birds of San Agustín Municipality,Aves del Municipio de San Agustín,CO.HU,61050db3-3a09-4280-bf8d-8ff9353a2244
Colombia,Huila,492,fg_492,http://fieldguides.fieldmuseum.org/guides/guide/492,"Birds of San Agustín, Reserva ASOAPA","Aves de San Agustín, Reserva ASOAPA",CO.HU,61050db3-3a09-4280-bf8d-8ff9353a2244
Colombia,Huila,753,fg_753,http://fieldguides.fieldmuseum.org/guides/guide/753,Herpetological Fauna of Alto Magdalena,Fauna Herpetológica del Alto Magdalena,CO.HU,61050db3-3a09-4280-bf8d-8ff9353a2244
Colombia,Magdalena,678,fg_678,http://fieldguides.fieldmuseum.org/guides/guide/678,Amphibians of Santa Marta,Anfibios de Santa Marta,CO.MA,2e842166-13ad-421a-a4a4-97d930541d78
Colombia,Magdalena,676,fg_676,http://fieldguides.fieldmuseum.org/guides/guide/676,Reptiles of Santa Marta,Reptiles de Santa Marta,CO.MA,2e842166-13ad-421a-a4a4-97d930541d78
Colombia,Meta,576,fg_576,http://fieldguides.fieldmuseum.org/guides/guide/576,Amphibians and Reptiles of Meta,Anfibios y Reptiles de Meta,CO.ME,bb926c11-9cae-4a2d-86c9-985f09cb5ce6
Colombia,Meta,909,fg_909,http://fieldguides.fieldmuseum.org/guides/guide/909,Amphibians and Reptiles of Tillavá,Anfibios y Reptiles de Tillavá,CO.ME,bb926c11-9cae-4a2d-86c9-985f09cb5ce6
Colombia,Meta,771,fg_771,http://fieldguides.fieldmuseum.org/guides/guide/771,Bats of the Guayupes Forest,Murciélagos del Bosque de los Guayupes,CO.ME,bb926c11-9cae-4a2d-86c9-985f09cb5ce6
Colombia,Meta,769,fg_769,http://fieldguides.fieldmuseum.org/guides/guide/769,Birds of the Piedmont Plains,Aves del Piedemonte Llanero de Meta,CO.ME,bb926c11-9cae-4a2d-86c9-985f09cb5ce6
Colombia,Meta,248,fg_248,http://fieldguides.fieldmuseum.org/guides/guide/248,"Fruits, Seeds, and Flowers Consumed by Fish in Orinoquía","Frutos, Semillas y Flores Consumidos por Peces en la Orinoquía",CO.ME,bb926c11-9cae-4a2d-86c9-985f09cb5ce6
Colombia,Meta,551,fg_551,http://fieldguides.fieldmuseum.org/guides/guide/551,Lichens of San Martín,Líquenes de Morichales de San Martín,CO.ME,bb926c11-9cae-4a2d-86c9-985f09cb5ce6
Colombia,Meta,601,fg_601,http://fieldguides.fieldmuseum.org/guides/guide/601,Vascular Epiphytes of the Llanos Orientales,Epífitas Vasculares de los Llanos Orientales,CO.ME,bb926c11-9cae-4a2d-86c9-985f09cb5ce6
Colombia,Nariño,12,fg_12,http://fieldguides.fieldmuseum.org/guides/guide/12,Flowers and Fruits of Reserva Ñambi,Flores y Frutos de la Reserva Ñambi,CO.NA,0d93a586-ac8b-43ab-a719-98ba89f9482e
Colombia,Nariño,11,fg_11,http://fieldguides.fieldmuseum.org/guides/guide/11,Leaves of Reserva Ñambi for Beginners,Hojas de la Reserva Ñambí: Guía para Principiantes,CO.NA,0d93a586-ac8b-43ab-a719-98ba89f9482e
Colombia,Nariño,529,fg_529,http://fieldguides.fieldmuseum.org/guides/guide/529,Lycophytes and Monilophytes of Lago Guamués,Licofitas y Monilofitas de la Cuenca del Lago Guamués,CO.NA,0d93a586-ac8b-43ab-a719-98ba89f9482e
Colombia,Nariño,183,fg_183,http://fieldguides.fieldmuseum.org/guides/guide/183,Trees and Shrubs of La Planada,"Árboles y Arbustos de la Parcela de 25 ha, La Planada",CO.NA,0d93a586-ac8b-43ab-a719-98ba89f9482e
Colombia,Norte de Santander,481,fg_481,http://fieldguides.fieldmuseum.org/guides/guide/481,Birds of Pamplona,Aves de Pamplona,CO.NS,c4c15b68-f773-4ec7-8295-313190286f0b
Colombia,Putumayo,648,fg_648,http://fieldguides.fieldmuseum.org/guides/guide/648,Birds of Puerto Asis,Aves del Municipio de Puerto Asís,CO.PU,bdfcd5b3-e939-45c7-b54d-72b17d021e9e
Colombia,Quindío,802,fg_802,http://fieldguides.fieldmuseum.org/guides/guide/802,Common Solanaceae of Quindío,Especies Silvestres de Solanaceae de Quindío,CO.QD,a4c1282e-cbd8-43db-a7fd-558219690716
Colombia,Santander,326,fg_326,http://fieldguides.fieldmuseum.org/guides/guide/326,Common Plants of Spider Monkey Habitat in Magdalena Medio,Plantas Comunes en el Hábitat del Mono Araña del Medio Magdalena,CO.ST,580b76c2-f47d-4934-a332-5d35c8e7c7b2
Colombia,Sucre,813,fg_813,http://fieldguides.fieldmuseum.org/guides/guide/813,Lepidoptera of Sucre and Atlántico,Lepidópteros de Sucre y Atlántico,CO.SU,3d0a461c-18c4-4c2c-982a-34848d75544a
Colombia,Tolima,462,fg_462,http://fieldguides.fieldmuseum.org/guides/guide/462,Amphibians and Reptiles of Parque Nacional del Agua,Anfibios y Reptiles del Parque Nacional del Agua,CO.TO,682888f5-cfa5-4cd3-9541-71f92f6c2321
Colombia,Tolima,646,fg_646,http://fieldguides.fieldmuseum.org/guides/guide/646,Amphibians and Reptiles of Vega de los Padres,Anfibios y Reptiles de Vega de los Padres,CO.TO,682888f5-cfa5-4cd3-9541-71f92f6c2321
Colombia,Tolima,318,fg_318,http://fieldguides.fieldmuseum.org/guides/guide/318,Amphibians of Northern Tolima,Anfibios del Norte de Tolima,CO.TO,682888f5-cfa5-4cd3-9541-71f92f6c2321
Colombia,Tolima,311,fg_311,http://fieldguides.fieldmuseum.org/guides/guide/311,"Birds of Clarita Botero, Ibagué","Aves de Clarita Botero, Ibagué",CO.TO,682888f5-cfa5-4cd3-9541-71f92f6c2321
Colombia,Tolima,467,fg_467,http://fieldguides.fieldmuseum.org/guides/guide/467,Birds of Tolima Dry Forest,Aves del Bosque Seco Tropical de Tolima,CO.TO,682888f5-cfa5-4cd3-9541-71f92f6c2321
Colombia,Tolima,607,fg_607,http://fieldguides.fieldmuseum.org/guides/guide/607,Mountain Crabs of Icononzo,Cangrejos Montanos de Icononzo,CO.TO,682888f5-cfa5-4cd3-9541-71f92f6c2321
Colombia,Tolima,756,fg_756,http://fieldguides.fieldmuseum.org/guides/guide/756,Snakes of Cafrería,Serpientes de Cafrería,CO.TO,682888f5-cfa5-4cd3-9541-71f92f6c2321
Colombia,Valle del Cauca,973,fg_973,http://fieldguides.fieldmuseum.org/guides/guide/973,Ericaceae and Gesneriaceae of Farallones de Cali National Park,Ericáceas y Gesneriáceas del Parque Nacional Farallones de Cali,CO.VC,bc765e37-27d9-441f-8b25-c06b32d8f41f
Colombia,Valle del Cauca,606,fg_606,http://fieldguides.fieldmuseum.org/guides/guide/606,Gesneriaceae of Cerro el Inglés and Galápagos Natural Reserves,"Gesneriaceae de las Reservas Naturales Cerro el Inglés y Galápagos, Valle del Cauca",CO.VC,bc765e37-27d9-441f-8b25-c06b32d8f41f
Colombia,Valle del Cauca,922,fg_922,http://fieldguides.fieldmuseum.org/guides/guide/922,Gesneriaceae of the Rio Anchicayá Basin,Gesneriaceae del Río Anchicayá,CO.VC,bc765e37-27d9-441f-8b25-c06b32d8f41f
Colombia,Valle del Cauca,838,fg_838,http://fieldguides.fieldmuseum.org/guides/guide/838,Herbs of the Universidad del Valle,Hierbas de la Universidad del Valle,CO.VC,bc765e37-27d9-441f-8b25-c06b32d8f41f
Colombia,Valle del Cauca,438,fg_438,http://fieldguides.fieldmuseum.org/guides/guide/438,Lichens of the Valle del Cauca,Líquenes de Cali,CO.VC,bc765e37-27d9-441f-8b25-c06b32d8f41f
Colombia,Valle del Cauca,436,fg_436,http://fieldguides.fieldmuseum.org/guides/guide/436,Macrofungi of Tropical Dry Forest,Hongos del Bosque Tropical Seco,CO.VC,bc765e37-27d9-441f-8b25-c06b32d8f41f
Colombia,Valle del Cauca,577,fg_577,http://fieldguides.fieldmuseum.org/guides/guide/577,Melastomataceae of Farrallones de Cali,Melastomataceae de Farrallones de Cali,CO.VC,bc765e37-27d9-441f-8b25-c06b32d8f41f
Colombia,Valle del Cauca,435,fg_435,http://fieldguides.fieldmuseum.org/guides/guide/435,Mushrooms of San Cipriano,Hongos de San Cipriano,CO.VC,bc765e37-27d9-441f-8b25-c06b32d8f41f
Colombia,Vaupés,249,fg_249,http://fieldguides.fieldmuseum.org/guides/guide/249,Butterflies of Amazonia (Hesperiidae),Mariposas: Hesperiidae de la Amazonía,CO.VP,2f961f1d-d93c-4e52-a746-29db7ba60803
Colombia,Vaupés,225,fg_225,http://fieldguides.fieldmuseum.org/guides/guide/225,Butterflies of Amazonia (Lycaenidae),Mariposas: Lycaenidae de la Amazonía,CO.VP,2f961f1d-d93c-4e52-a746-29db7ba60803
Colombia,Vaupés,206,fg_206,http://fieldguides.fieldmuseum.org/guides/guide/206,"Butterflies of Amazonia (Nymphalidae, Biblidinae)",Mariposas: Nymphalidae: Biblidinae de la Amazonía,CO.VP,2f961f1d-d93c-4e52-a746-29db7ba60803
Colombia,Vaupés,201,fg_201,http://fieldguides.fieldmuseum.org/guides/guide/201,"Butterflies of Amazonia (Nymphalidae, Brassolinae, Morphinae)",Mariposas: Nymphalidae: Brassolinae y Morphinae de la Amazonía,CO.VP,2f961f1d-d93c-4e52-a746-29db7ba60803
Colombia,Vaupés,223,fg_223,http://fieldguides.fieldmuseum.org/guides/guide/223,"Butterflies of Amazonia (Nymphalidae, Heliconinae, Ithomiinae)",Mariposas: Nymphalidae: Heliconinae e Ithomiinae de la Amazonía,CO.VP,2f961f1d-d93c-4e52-a746-29db7ba60803
Colombia,Vaupés,207,fg_207,http://fieldguides.fieldmuseum.org/guides/guide/207,"Butterflies of Amazonia (Nymphalidae, Limenitidinae, Charaxinae)",Mariposas: Nymphalidae: Limenitidinae y Charaxinae de la Amazonía,CO.VP,2f961f1d-d93c-4e52-a746-29db7ba60803
Colombia,Vaupés,208,fg_208,http://fieldguides.fieldmuseum.org/guides/guide/208,"Butterflies of Amazonia (Nymphalidae, Nymphalinae, Apaturinae, Danainae)","Mariposas: Nymphalidae: Nymphalinae, Apaturinae, Danainae de la Amazonía",CO.VP,2f961f1d-d93c-4e52-a746-29db7ba60803
Colombia,Vaupés,250,fg_250,http://fieldguides.fieldmuseum.org/guides/guide/250,"Butterflies of Amazonia (Nymphalidae, Satyrinae)",Mariposas: Nymphalidae: Satyrinae de la Amazonía,CO.VP,2f961f1d-d93c-4e52-a746-29db7ba60803
Colombia,Vaupés,190,fg_190,http://fieldguides.fieldmuseum.org/guides/guide/190,Butterflies of Amazonia (Papilionidae),Mariposas: Papilionidae de la Amazonía,CO.VP,2f961f1d-d93c-4e52-a746-29db7ba60803
Colombia,Vaupés,202,fg_202,http://fieldguides.fieldmuseum.org/guides/guide/202,Butterflies of Amazonia (Pieridae),Mariposas: Pieridae de la Amazonía,CO.VP,2f961f1d-d93c-4e52-a746-29db7ba60803
Colombia,Vaupés,224,fg_224,http://fieldguides.fieldmuseum.org/guides/guide/224,Butterflies of Amazonia (Riodinidae),Mariposas: Riodinidae de la Amazonía,CO.VP,2f961f1d-d93c-4e52-a746-29db7ba60803
Colombia,Vaupés,200,fg_200,http://fieldguides.fieldmuseum.org/guides/guide/200,Fruits of Caparú consumed by primates,Frutos consumidos por primates en Caparú,CO.VP,2f961f1d-d93c-4e52-a746-29db7ba60803
Colombia,Vichada,248,fg_248,http://fieldguides.fieldmuseum.org/guides/guide/248,"Fruits, Seeds, and Flowers Consumed by Fish in Orinoquía","Frutos, Semillas y Flores Consumidos por Peces en la Orinoquía",CO.VD,7b87da74-ff3b-4457-861f-64b77c22599e
Ecuador,Bolivar,411,fg_411,http://fieldguides.fieldmuseum.org/guides/guide/411,Medicinal Plants Salinas de Guaranda,Plantas Medicinales de Salinas de Guaranda,EC.BO,fa2e8108-0303-40a2-b6bb-5cb98a58f9f5
Ecuador,Carchi,655,fg_655,http://fieldguides.fieldmuseum.org/guides/guide/655,Common Plants of Arrayanes Forest,Plantas Comunes del Bosque de Arrayanes,EC.CR,5e10b5f6-fb31-491a-894f-64b2acc9d047
Ecuador,Carchi,70,fg_70,http://fieldguides.fieldmuseum.org/guides/guide/70,Conspicuous Plants of Reserva El Angel,Plantas Llamativas de la Reserva de El Ángel,EC.CR,5e10b5f6-fb31-491a-894f-64b2acc9d047
Ecuador,Carchi,898,fg_898,http://fieldguides.fieldmuseum.org/guides/guide/898,Mastodon Fossils of Carchi,Fósiles de Mastodonte de Carchi,EC.CR,5e10b5f6-fb31-491a-894f-64b2acc9d047
Ecuador,Carchi,899,fg_899,http://fieldguides.fieldmuseum.org/guides/guide/899,Mylodon Fossils of Carchi,Fósiles de Milodonte de Carchi,EC.CR,5e10b5f6-fb31-491a-894f-64b2acc9d047
Ecuador,Carchi,573,fg_573,http://fieldguides.fieldmuseum.org/guides/guide/573,Small Mammals of Reserva El Ángel,Pequeños Mamíferos de la Reserva El Ángel,EC.CR,5e10b5f6-fb31-491a-894f-64b2acc9d047
Ecuador,Cotopaxi,67,fg_67,http://fieldguides.fieldmuseum.org/guides/guide/67,Conspicuous Plants of Volcán Cotopaxi,Plantas Llamativas del Parque Cotopaxi,EC.CT,799b6567-6e52-44ec-a920-b9c8212d3e6f
Ecuador,El Oro,237,fg_237,http://fieldguides.fieldmuseum.org/guides/guide/237,Amphibians and Reptiles of Southwestern Ecuador,Anfibios y Reptiles del Suroccidente del Ecuador,EC.EO,fdaa1baa-df33-4e36-b5ef-3657b06bdee7
Ecuador,El Oro,818,fg_818,http://fieldguides.fieldmuseum.org/guides/guide/818,Amphibians of Reserva Buenaventura,Anfibios de la Reserva Buenaventura,EC.EO,fdaa1baa-df33-4e36-b5ef-3657b06bdee7
Ecuador,El Oro,797,fg_797,http://fieldguides.fieldmuseum.org/guides/guide/797,Amphibians of Reserva Ecológica Arenillas,Anfibios de la Reserva Ecológica Arenillas,EC.EO,fdaa1baa-df33-4e36-b5ef-3657b06bdee7
Ecuador,El Oro,863,fg_863,http://fieldguides.fieldmuseum.org/guides/guide/863,Birds of El Oro Mangroves and Coastal Zones,Aves de Manglares y Zona Marino Costeras de El Oro,EC.EO,fdaa1baa-df33-4e36-b5ef-3657b06bdee7
Ecuador,El Oro,366,fg_366,http://fieldguides.fieldmuseum.org/guides/guide/366,Birds of Reserva Arenillas,Aves de la Reserva Ecológica Arenillas,EC.EO,fdaa1baa-df33-4e36-b5ef-3657b06bdee7
Ecuador,El Oro,901,fg_901,http://fieldguides.fieldmuseum.org/guides/guide/901,Common Birds of Dry and Deciduous Forests,Aves Comunes de Bosques Secos y Deciduos de El Oro,EC.EO,fdaa1baa-df33-4e36-b5ef-3657b06bdee7
Ecuador,El Oro,903,fg_903,http://fieldguides.fieldmuseum.org/guides/guide/903,Common Birds of Mountain and Paramo Forests,Aves Comunes de Bosques Montanos y Páramos de El Oro,EC.EO,fdaa1baa-df33-4e36-b5ef-3657b06bdee7
Ecuador,El Oro,902,fg_902,http://fieldguides.fieldmuseum.org/guides/guide/902,Common Birds of Piedmont and Semideciduous Forests of El Oro,Aves Comunes de Bosques Piemontanos y Semideciduos de El Oro,EC.EO,fdaa1baa-df33-4e36-b5ef-3657b06bdee7
Ecuador,El Oro,689,fg_689,http://fieldguides.fieldmuseum.org/guides/guide/689,Gesneriaceae of the Buenaventura Biological Reserve,Gesneriaceae de la Reserva Biológica Buenaventura,EC.EO,fdaa1baa-df33-4e36-b5ef-3657b06bdee7
Ecuador,El Oro,403,fg_403,http://fieldguides.fieldmuseum.org/guides/guide/403,Mammals of Southern Ecuador,Mamíferos del Sur de Ecuador,EC.EO,fdaa1baa-df33-4e36-b5ef-3657b06bdee7
Ecuador,Esmeraldas,692,fg_692,http://fieldguides.fieldmuseum.org/guides/guide/692,Gesneriaceae of the Mache-Chindul Ecological Reserve,Gesneriaceae de la Reserva Ecológica Mache-Chindul,EC.ES,49b7247a-129c-481b-91a0-128b9ffe4287
Ecuador,Esmeraldas,826,fg_826,http://fieldguides.fieldmuseum.org/guides/guide/826,Mammals of Cotacachi-Cayapas Ecological Reserve,Mamíferos de la Reserva Ecológica Cotacachi-Cayapas,EC.ES,49b7247a-129c-481b-91a0-128b9ffe4287
Ecuador,Esmeraldas,848,fg_848,http://fieldguides.fieldmuseum.org/guides/guide/848,Mammals of El Pambilar Wildlife Refuge,Mamíferos del Refúgio El Pambilar,EC.ES,49b7247a-129c-481b-91a0-128b9ffe4287
Ecuador,Esmeraldas,816,fg_816,http://fieldguides.fieldmuseum.org/guides/guide/816,Mammals of Mache-Chindul Ecological Reserve,Mamíferos de la Reserva Ecológica Mache-Chindul,EC.ES,49b7247a-129c-481b-91a0-128b9ffe4287
Ecuador,Guayas,913,fg_913,http://fieldguides.fieldmuseum.org/guides/guide/913,Amphibians of Santay Island,Anfibios de la Isla Santay,EC.GU,c31d279e-aa99-4597-af47-c494642d7ba3
Ecuador,Guayas,125,fg_125,http://fieldguides.fieldmuseum.org/guides/guide/125,Common Plants of the Churute Mangroves,Plantas Comunes de la Reserva de Churute,EC.GU,c31d279e-aa99-4597-af47-c494642d7ba3
Ecuador,Guayas,977,fg_977,http://fieldguides.fieldmuseum.org/guides/guide/977,Plants of the Guayaquil Cemetery,Plantas del Cementerio Guayaquil,EC.GU,c31d279e-aa99-4597-af47-c494642d7ba3
Ecuador,Imbabura,775,fg_775,http://fieldguides.fieldmuseum.org/guides/guide/775,Birds of Los Cedros Reserve,Aves de la Reserva Los Cedros,EC.IM,3d1fd288-5f22-402c-b8ce-d966a4b8cec7
Ecuador,Imbabura,941,fg_941,http://fieldguides.fieldmuseum.org/guides/guide/941,Common Plants of Cascada Peguche Protected Forest,Plantas Comunes del Bosque Protector Cascada Peguche,EC.IM,3d1fd288-5f22-402c-b8ce-d966a4b8cec7
Ecuador,Imbabura,914,fg_914,http://fieldguides.fieldmuseum.org/guides/guide/914,Common Plants of Cuicocha Lagoon,Plantas de la Laguna Cuicocha,EC.IM,3d1fd288-5f22-402c-b8ce-d966a4b8cec7
Ecuador,Imbabura,826,fg_826,http://fieldguides.fieldmuseum.org/guides/guide/826,Mammals of Cotacachi-Cayapas Ecological Reserve,Mamíferos de la Reserva Ecológica Cotacachi-Cayapas,EC.IM,3d1fd288-5f22-402c-b8ce-d966a4b8cec7
Ecuador,Imbabura,657,fg_657,http://fieldguides.fieldmuseum.org/guides/guide/657,"Plants of Cotacachi-Cayapas, Laguna Cuicocha",Plantas Comunes de la Laguna de Cuicocha,EC.IM,3d1fd288-5f22-402c-b8ce-d966a4b8cec7
Ecuador,Imbabura,228,fg_228,http://fieldguides.fieldmuseum.org/guides/guide/228,Pleurothallid Orchids of Los Cedros,Orquídeas de los Pleurothallidinae de Los Cedros,EC.IM,3d1fd288-5f22-402c-b8ce-d966a4b8cec7
Ecuador,Loja,237,fg_237,http://fieldguides.fieldmuseum.org/guides/guide/237,Amphibians and Reptiles of Southwestern Ecuador,Anfibios y Reptiles del Suroccidente del Ecuador,EC.LJ,19535b16-2223-4d7a-a64e-40c23eb511a3
Ecuador,Loja,629,fg_629,http://fieldguides.fieldmuseum.org/guides/guide/629,Araceae of Estación San Francisco,Araceae de la Estación San Francisco,EC.LJ,19535b16-2223-4d7a-a64e-40c23eb511a3
Ecuador,Loja,758,fg_758,http://fieldguides.fieldmuseum.org/guides/guide/758,Birds of Zapotillo,Aves de Zapotillo,EC.LJ,19535b16-2223-4d7a-a64e-40c23eb511a3
Ecuador,Loja,448,fg_448,http://fieldguides.fieldmuseum.org/guides/guide/448,Common Birds of Rumi Wilco,Aves Comunes de Rumi Wilco,EC.LJ,19535b16-2223-4d7a-a64e-40c23eb511a3
Ecuador,Loja,68,fg_68,http://fieldguides.fieldmuseum.org/guides/guide/68,"Conspicuous Plants of Cajanuma, Podocarpus","Plantas Llamativas de Cajanuma, Parque Podocarpus",EC.LJ,19535b16-2223-4d7a-a64e-40c23eb511a3
Ecuador,Loja,69,fg_69,http://fieldguides.fieldmuseum.org/guides/guide/69,"Conspicuous Plants of the San Francisco River, Podocarpus National Park","Plantas Llamativas del Río San Francisco, Parque Podocarpus",EC.LJ,19535b16-2223-4d7a-a64e-40c23eb511a3
Ecuador,Loja,440,fg_440,http://fieldguides.fieldmuseum.org/guides/guide/440,Epiphytic Ferns and Allies of Podocarpus Biosphere Reserve,Helechos Epífitos y Aliados de la Reserva de la Biósfera Podocarpus,EC.LJ,19535b16-2223-4d7a-a64e-40c23eb511a3
Ecuador,Loja,630,fg_630,http://fieldguides.fieldmuseum.org/guides/guide/630,Ericaceae of Estación San Francisco,Ericaceae de la Estación San Francisco,EC.LJ,19535b16-2223-4d7a-a64e-40c23eb511a3
Ecuador,Loja,403,fg_403,http://fieldguides.fieldmuseum.org/guides/guide/403,Mammals of Southern Ecuador,Mamíferos del Sur de Ecuador,EC.LJ,19535b16-2223-4d7a-a64e-40c23eb511a3
Ecuador,Loja,158,fg_158,http://fieldguides.fieldmuseum.org/guides/guide/158,Montane Landslides and Pioneer Flora of Podocarpus National Park,Flora Pionera del Parque Podocarpus,EC.LJ,19535b16-2223-4d7a-a64e-40c23eb511a3
Ecuador,Los Rios,674,fg_674,http://fieldguides.fieldmuseum.org/guides/guide/674,Fishes of the Vinces and Abras de Mantequilla Rivers,Peces de los Ríos Vinces y Abras de Mantequilla,EC.LR,5469236c-a89c-46e8-b1b4-8538497c62d7
Ecuador,Los Rios,320,fg_320,http://fieldguides.fieldmuseum.org/guides/guide/320,Plants of Río Palenque,Plantas del Río Palenque,EC.LR,5469236c-a89c-46e8-b1b4-8538497c62d7
Ecuador,Manabi,625,fg_625,http://fieldguides.fieldmuseum.org/guides/guide/625,Amphibians of Reserva Jama-Coaque,Anfibios de la Reserva Jama-Coaque,EC.MN,f0f47c2e-66a7-4fec-b685-9a52b38cf751
Ecuador,Manabi,497,fg_497,http://fieldguides.fieldmuseum.org/guides/guide/497,Dry Forest Plants of the Cordillera del Bálsamo,"Plantas del Bosque Seco, Cordillera del Bálsamo",EC.MN,f0f47c2e-66a7-4fec-b685-9a52b38cf751
Ecuador,Manabi,788,fg_788,http://fieldguides.fieldmuseum.org/guides/guide/788,Mammals of Machalilla National Park,Mamíferos del Parque Nacional Machalilla,EC.MN,f0f47c2e-66a7-4fec-b685-9a52b38cf751
Ecuador,Manabi,789,fg_789,http://fieldguides.fieldmuseum.org/guides/guide/789,Mammals of Pacoche Wildlife Refuge,Mamíferos del Refugio Silvestre y Marino Pacoche,EC.MN,f0f47c2e-66a7-4fec-b685-9a52b38cf751
Ecuador,Manabi,757,fg_757,http://fieldguides.fieldmuseum.org/guides/guide/757,Reptiles of Jama-Coaque Reserve,Reptiles de la Reserva Jama-Coaque,EC.MN,f0f47c2e-66a7-4fec-b685-9a52b38cf751
Ecuador,Morona Santiago,259,fg_259,http://fieldguides.fieldmuseum.org/guides/guide/259,Amphibians and Reptiles of Central Amazonian Ecuador,Anfibios y Reptiles del Centro-Amazonía Ecuatoriana,EC.MS,cbdc8a93-746f-4d28-b133-85c94aeb9638
Ecuador,Morona Santiago,502,fg_502,http://fieldguides.fieldmuseum.org/guides/guide/502,Amphibians y Reptiles of Sangay National Park,Anfibios y Reptiles del Parque Sangay,EC.MS,cbdc8a93-746f-4d28-b133-85c94aeb9638
Ecuador,Napo,679,fg_679,http://fieldguides.fieldmuseum.org/guides/guide/679,Birds of the Bosque Protector Colonso,Aves del Bosque Protector Colonso,EC.NA,628c7c97-bfdf-4af2-aa76-b15b2475f0de
Ecuador,Napo,811,fg_811,http://fieldguides.fieldmuseum.org/guides/guide/811,Common Fishes of the Napo River,Peces Comunes del Río Napo,EC.NA,628c7c97-bfdf-4af2-aa76-b15b2475f0de
Ecuador,Napo,64,fg_64,http://fieldguides.fieldmuseum.org/guides/guide/64,Conspicuous Plants of Papallacta,Plantas Llamativas del Área de Papallacta,EC.NA,628c7c97-bfdf-4af2-aa76-b15b2475f0de
Ecuador,Napo,62,fg_62,http://fieldguides.fieldmuseum.org/guides/guide/62,"Conspicuous Plants of San Isidro, Cosanga","Plantas Llamativas de San Isidro, Cosanga",EC.NA,628c7c97-bfdf-4af2-aa76-b15b2475f0de
Ecuador,Napo,681,fg_681,http://fieldguides.fieldmuseum.org/guides/guide/681,Mammals of Cuyuja and Río Cedro,Mamíferos de Cuyuja y Río Cedro,EC.NA,628c7c97-bfdf-4af2-aa76-b15b2475f0de
Ecuador,Napo,680,fg_680,http://fieldguides.fieldmuseum.org/guides/guide/680,Mammals of Oyacachiy and Ccottupoe,Mamíferos del Oyacachiy y Ccottupoe,EC.NA,628c7c97-bfdf-4af2-aa76-b15b2475f0de
Ecuador,Napo,63,fg_63,http://fieldguides.fieldmuseum.org/guides/guide/63,"More Plants of San Isidro, Cosanga","Más Plantas de San Isidro, Cosanga",EC.NA,628c7c97-bfdf-4af2-aa76-b15b2475f0de
Ecuador,Napo,535,fg_535,http://fieldguides.fieldmuseum.org/guides/guide/535,Plants of Volcán Sumaco,Plantas del Volcán Sumaco,EC.NA,628c7c97-bfdf-4af2-aa76-b15b2475f0de
Ecuador,Orellana,749,fg_749,http://fieldguides.fieldmuseum.org/guides/guide/749,Amphibians of San José de Payamino,Anfibios de San José de Payamino,EC.OR,6ca1722c-021b-4005-822e-60cbba416206
Ecuador,Orellana,455,fg_455,http://fieldguides.fieldmuseum.org/guides/guide/455,Birds of Yasuní Scientific Station,Aves de la Estación Científica Yasuní,EC.OR,6ca1722c-021b-4005-822e-60cbba416206
Ecuador,Orellana,581,fg_581,http://fieldguides.fieldmuseum.org/guides/guide/581,"Birds, Mammals, and Reptiles of Orellana Subject to Trafficking","Aves, Mamíferos y Reptiles Sujetos al Tráfico Ilegal en Orellana",EC.OR,6ca1722c-021b-4005-822e-60cbba416206
Ecuador,Orellana,408,fg_408,http://fieldguides.fieldmuseum.org/guides/guide/408,Cecropia of Yasuní,Especies de Cecropia en Yasuní,EC.OR,6ca1722c-021b-4005-822e-60cbba416206
Ecuador,Orellana,159,fg_159,http://fieldguides.fieldmuseum.org/guides/guide/159,Common Epiphytes of Yasuní,Epífitas Comunes del Yasuní,EC.OR,6ca1722c-021b-4005-822e-60cbba416206
Ecuador,Orellana,811,fg_811,http://fieldguides.fieldmuseum.org/guides/guide/811,Common Fishes of the Napo River,Peces Comunes del Río Napo,EC.OR,6ca1722c-021b-4005-822e-60cbba416206
Ecuador,Orellana,10,fg_10,http://fieldguides.fieldmuseum.org/guides/guide/10,Common Lianas of Yasuní,Lianas Comunes del Yasuní,EC.OR,6ca1722c-021b-4005-822e-60cbba416206
Ecuador,Orellana,71,fg_71,http://fieldguides.fieldmuseum.org/guides/guide/71,Conspicuous Plants of Yasuní,Plantas Llamativas del Yasuní,EC.OR,6ca1722c-021b-4005-822e-60cbba416206
Ecuador,Orellana,430,fg_430,http://fieldguides.fieldmuseum.org/guides/guide/430,Diurnal Primates of the Tiputini Biodiversity Station,Primates Diurnos de la Estación de Biodiversidad Tiputini,EC.OR,6ca1722c-021b-4005-822e-60cbba416206
Ecuador,Orellana,984,fg_984,http://fieldguides.fieldmuseum.org/guides/guide/984,Emblematic Trees of Yasuní National Park,Arboles Emblemáticos del Parque Nacional Yasuní,EC.OR,6ca1722c-021b-4005-822e-60cbba416206
Ecuador,Orellana,407,fg_407,http://fieldguides.fieldmuseum.org/guides/guide/407,Large Fruits and Seeds of Yasuní,Frutos y Semillas Grandes de Yasuní,EC.OR,6ca1722c-021b-4005-822e-60cbba416206
Ecuador,Orellana,904,fg_904,http://fieldguides.fieldmuseum.org/guides/guide/904,Mammals of Tiputini Biodiversity Station,Mamíferos de la Estación de Biodiversidad Tiputini,EC.OR,6ca1722c-021b-4005-822e-60cbba416206
Ecuador,Orellana,57,fg_57,http://fieldguides.fieldmuseum.org/guides/guide/57,Palms of Yasuní,Palmas del Yasuní,EC.OR,6ca1722c-021b-4005-822e-60cbba416206
Ecuador,Orellana,890,fg_890,http://fieldguides.fieldmuseum.org/guides/guide/890,Reptiles of San José de Payamino,Reptiles de San José de Payamino,EC.OR,6ca1722c-021b-4005-822e-60cbba416206
Ecuador,Pastaza,259,fg_259,http://fieldguides.fieldmuseum.org/guides/guide/259,Amphibians and Reptiles of Central Amazonian Ecuador,Anfibios y Reptiles del Centro-Amazonía Ecuatoriana,EC.PA,906d8ec8-9020-44dc-a5a7-20faa93770c3
Ecuador,Pastaza,634,fg_634,http://fieldguides.fieldmuseum.org/guides/guide/634,Common Orthoptera of Pastaza,Orthoptera Comunes de Pastaza,EC.PA,906d8ec8-9020-44dc-a5a7-20faa93770c3
Ecuador,Pastaza,690,fg_690,http://fieldguides.fieldmuseum.org/guides/guide/690,Gesneriaceae of the Río Anzu Reserve,Gesneriaceae de la Reserva Río Anzu,EC.PA,906d8ec8-9020-44dc-a5a7-20faa93770c3
Ecuador,Pastaza,879,fg_879,http://fieldguides.fieldmuseum.org/guides/guide/879,Herpetofauna of the Fatima Agroecological Scientific Station,Herpetofauna de la Estación Científica Agroecológica Fátima,EC.PA,906d8ec8-9020-44dc-a5a7-20faa93770c3
Ecuador,Pichincha,480,fg_480,http://fieldguides.fieldmuseum.org/guides/guide/480,Birds of Bosque Protector Jerusalem,Aves del Bosque Protector Jerusalem,EC.PI,8447a394-a385-4a63-8e30-fa7c0bfbfdeb
Ecuador,Pichincha,856,fg_856,http://fieldguides.fieldmuseum.org/guides/guide/856,Common Flowers of Pululahua,Flores Comunes de la Reserva Geobotánica Pululahua,EC.PI,8447a394-a385-4a63-8e30-fa7c0bfbfdeb
Ecuador,Pichincha,214,fg_214,http://fieldguides.fieldmuseum.org/guides/guide/214,Common Plants of Bosque Seco Jerusalén,Plantas Comunes del Bosque Seco Jerusalén,EC.PI,8447a394-a385-4a63-8e30-fa7c0bfbfdeb
Ecuador,Pichincha,962,fg_962,http://fieldguides.fieldmuseum.org/guides/guide/962,Common Plants of Mojanda Lagoons,Plantas Comunes de las Lagunas de Mojanda,EC.PI,8447a394-a385-4a63-8e30-fa7c0bfbfdeb
Ecuador,Pichincha,126,fg_126,http://fieldguides.fieldmuseum.org/guides/guide/126,Common Plants of Pululahua,Plantas Comunes de Pululahua,EC.PI,8447a394-a385-4a63-8e30-fa7c0bfbfdeb
Ecuador,Pichincha,60,fg_60,http://fieldguides.fieldmuseum.org/guides/guide/60,Conspicuous Plants of Bellavista,Plantas Llamativas de Bellavista,EC.PI,8447a394-a385-4a63-8e30-fa7c0bfbfdeb
Ecuador,Pichincha,7,fg_7,http://fieldguides.fieldmuseum.org/guides/guide/7,Conspicuous Plants of Maquipucuna,Plantas Llamativas de Maquipucuna,EC.PI,8447a394-a385-4a63-8e30-fa7c0bfbfdeb
Ecuador,Pichincha,65,fg_65,http://fieldguides.fieldmuseum.org/guides/guide/65,Conspicuous Plants of Refugio Pasochoa,Plantas Llamativas del Refugio Pasochoa,EC.PI,8447a394-a385-4a63-8e30-fa7c0bfbfdeb
Ecuador,Pichincha,432,fg_432,http://fieldguides.fieldmuseum.org/guides/guide/432,Hummingbirds of Yanacocha,Colibríes de la Reserva Yanacocha,EC.PI,8447a394-a385-4a63-8e30-fa7c0bfbfdeb
Ecuador,Pichincha,830,fg_830,http://fieldguides.fieldmuseum.org/guides/guide/830,Mammals of the Tropi-Andino Conservation Corridor (Pichincha),Mamíferos del Corredor Tropi-Andino (Pichincha),EC.PI,8447a394-a385-4a63-8e30-fa7c0bfbfdeb
Ecuador,Pichincha,61,fg_61,http://fieldguides.fieldmuseum.org/guides/guide/61,More Plants of Bellavista,Más Plantas de Bellavista,EC.PI,8447a394-a385-4a63-8e30-fa7c0bfbfdeb
Ecuador,Pichincha,72,fg_72,http://fieldguides.fieldmuseum.org/guides/guide/72,More Plants of Maquipucuna,Más Plantas de Maquipucuna,EC.PI,8447a394-a385-4a63-8e30-fa7c0bfbfdeb
Ecuador,Pichincha,66,fg_66,http://fieldguides.fieldmuseum.org/guides/guide/66,More Plants of Refugio Pasochoa,Más Plantas del Refugio Pasochoa,EC.PI,8447a394-a385-4a63-8e30-fa7c0bfbfdeb
Ecuador,Pichincha,166,fg_166,http://fieldguides.fieldmuseum.org/guides/guide/166,Orchids of Maquipucuna,Orquídeas de Maquipucuna,EC.PI,8447a394-a385-4a63-8e30-fa7c0bfbfdeb
Ecuador,Pichincha,660,fg_660,http://fieldguides.fieldmuseum.org/guides/guide/660,Plants of Parque Rumipamba,Plantas del Parque Rumipamba,EC.PI,8447a394-a385-4a63-8e30-fa7c0bfbfdeb
Ecuador,Pichincha,658,fg_658,http://fieldguides.fieldmuseum.org/guides/guide/658,Plants of Quebrada Ashintaco,"Plantas de la Quebrada Ashintaco, Quito",EC.PI,8447a394-a385-4a63-8e30-fa7c0bfbfdeb
Ecuador,Pichincha,654,fg_654,http://fieldguides.fieldmuseum.org/guides/guide/654,Plants of Sendero Lloa - Río Cristal,Plantas del Sendero Lloa - Río Cristal,EC.PI,8447a394-a385-4a63-8e30-fa7c0bfbfdeb
Ecuador,Pichincha,659,fg_659,http://fieldguides.fieldmuseum.org/guides/guide/659,Plants of the Zoológico Guayllabamba,Plantas del Zoológico Guayllabamba,EC.PI,8447a394-a385-4a63-8e30-fa7c0bfbfdeb
Ecuador,Pichincha,656,fg_656,http://fieldguides.fieldmuseum.org/guides/guide/656,Plants of Volcán Rucu Pichincha,Plantas del Volcán Rucu Pichincha,EC.PI,8447a394-a385-4a63-8e30-fa7c0bfbfdeb
Ecuador,Pichincha,579,fg_579,http://fieldguides.fieldmuseum.org/guides/guide/579,Vertebrates of Cayambe-Coca Park,Vertebrados del Parque Cayambe-Coca,EC.PI,8447a394-a385-4a63-8e30-fa7c0bfbfdeb
Ecuador,Santa Elena,237,fg_237,http://fieldguides.fieldmuseum.org/guides/guide/237,Amphibians and Reptiles of Southwestern Ecuador,Anfibios y Reptiles del Suroccidente del Ecuador,EC.SE,9e7a0383-a201-4c0d-88b1-e55e293f2d9b
Ecuador,Santo Domingo de los Tsáchilas,431,fg_431,http://fieldguides.fieldmuseum.org/guides/guide/431,Common Hummingbirds of Guajalito,Colibríes Comunes de Guajalito,EC.SD,50a93dfe-0160-400b-b7f9-83076b1c7767
Ecuador,Sucumbios,111,fg_111,http://fieldguides.fieldmuseum.org/guides/guide/111,"Climbers, Herbs, and Epiphytes of the Serranías Cofan","Trepadoras, Hierbas y Epífitas de las Serranías Cofan",EC.SU,f3de563c-a096-4594-9984-db5c330a8e2a
Ecuador,Sucumbios,4,fg_4,http://fieldguides.fieldmuseum.org/guides/guide/4,Cofan Handicrafts of Zábalo,Artesanías de Zábalo de los Cofan,EC.SU,f3de563c-a096-4594-9984-db5c330a8e2a
Ecuador,Sucumbios,811,fg_811,http://fieldguides.fieldmuseum.org/guides/guide/811,Common Fishes of the Napo River,Peces Comunes del Río Napo,EC.SU,f3de563c-a096-4594-9984-db5c330a8e2a
Ecuador,Sucumbios,3,fg_3,http://fieldguides.fieldmuseum.org/guides/guide/3,Conspicuous Plants of Zábalo,Plantas Llamativas de Zábalo de los Cofan,EC.SU,f3de563c-a096-4594-9984-db5c330a8e2a
Ecuador,Sucumbios,822,fg_822,http://fieldguides.fieldmuseum.org/guides/guide/822,Mammals of Cayambe Coca National Park,Mamíferos del Parque Nacional Cayambe Coca,EC.SU,f3de563c-a096-4594-9984-db5c330a8e2a
Ecuador,Sucumbios,823,fg_823,http://fieldguides.fieldmuseum.org/guides/guide/823,Mammals of the Tropi-Andino Conservation Corridor (Sucumbíos),Mamíferos del Corredor de Conectividad Tropi-Andino (Sucumbíos),EC.SU,f3de563c-a096-4594-9984-db5c330a8e2a
Ecuador,Sucumbios,109,fg_109,http://fieldguides.fieldmuseum.org/guides/guide/109,Palms of the Serranías Cofan,Palmas de las Serranías Cofan,EC.SU,f3de563c-a096-4594-9984-db5c330a8e2a
Ecuador,Sucumbios,5,fg_5,http://fieldguides.fieldmuseum.org/guides/guide/5,Palms of Zábalo,Palmas de Zábalo de los Cofan,EC.SU,f3de563c-a096-4594-9984-db5c330a8e2a
Ecuador,Sucumbios,89,fg_89,http://fieldguides.fieldmuseum.org/guides/guide/89,Rare Plants of the Serranías Cofan,Plantas Raras de las Serranías Cofan,EC.SU,f3de563c-a096-4594-9984-db5c330a8e2a
Ecuador,Sucumbios,110,fg_110,http://fieldguides.fieldmuseum.org/guides/guide/110,Trees and Shrubs of the Serranías Cofan,Árboles y Arbustos de las Serranías Cofan,EC.SU,f3de563c-a096-4594-9984-db5c330a8e2a
Ecuador,Sucumbios,52,fg_52,http://fieldguides.fieldmuseum.org/guides/guide/52,Useful Plants of Zábalo,Plantas Útiles de Zábalo de los Cofan,EC.SU,f3de563c-a096-4594-9984-db5c330a8e2a
Ecuador,Tungurahua,968,fg_968,http://fieldguides.fieldmuseum.org/guides/guide/968,Plants of Cerro Teligote,Plantas del Cerro Teligote,EC.TU,1383daef-468f-4a86-8b78-402e8d27bc8a
Ecuador,Zamora Chinchipe,983,fg_983,http://fieldguides.fieldmuseum.org/guides/guide/983,Amphibians and Reptiles of the Quimi River,Anfibios y Reptiles del Valle del Río Quimi,EC.ZC,a5ac5a50-2331-4ba5-84bb-927c4a64167e
Ecuador,Zamora Chinchipe,585,fg_585,http://fieldguides.fieldmuseum.org/guides/guide/585,Butterflies of Copalinga Ecolodge,Mariposas de Copalinga,EC.ZC,a5ac5a50-2331-4ba5-84bb-927c4a64167e
Ecuador,Zamora Chinchipe,69,fg_69,http://fieldguides.fieldmuseum.org/guides/guide/69,"Conspicuous Plants of the San Francisco River, Podocarpus National Park","Plantas Llamativas del Río San Francisco, Parque Podocarpus",EC.ZC,a5ac5a50-2331-4ba5-84bb-927c4a64167e
Ecuador,Zamora Chinchipe,440,fg_440,http://fieldguides.fieldmuseum.org/guides/guide/440,Epiphytic Ferns and Allies of Podocarpus Biosphere Reserve,Helechos Epífitos y Aliados de la Reserva de la Biósfera Podocarpus,EC.ZC,a5ac5a50-2331-4ba5-84bb-927c4a64167e
Ecuador,Zamora Chinchipe,691,fg_691,http://fieldguides.fieldmuseum.org/guides/guide/691,Gesneriaceae of the Tapichalaca Biological Reserve,Gesneriaceae de la Reserva Biológica Tapichalaca,EC.ZC,a5ac5a50-2331-4ba5-84bb-927c4a64167e
Ecuador,Zamora Chinchipe,920,fg_920,http://fieldguides.fieldmuseum.org/guides/guide/920,Lepidoptera of the Santa Gertrudis farm and its Conservation Area,Lepidópteros de la Finca Santa Gertrudis y su Área de Conservación,EC.ZC,a5ac5a50-2331-4ba5-84bb-927c4a64167e
Ecuador,Zamora Chinchipe,403,fg_403,http://fieldguides.fieldmuseum.org/guides/guide/403,Mammals of Southern Ecuador,Mamíferos del Sur de Ecuador,EC.ZC,a5ac5a50-2331-4ba5-84bb-927c4a64167e
Ecuador,Zamora Chinchipe,158,fg_158,http://fieldguides.fieldmuseum.org/guides/guide/158,Montane Landslides and Pioneer Flora of Podocarpus National Park,Flora Pionera del Parque Podocarpus,EC.ZC,a5ac5a50-2331-4ba5-84bb-927c4a64167e
Peru,Amazonas,363,fg_363,http://fieldguides.fieldmuseum.org/guides/guide/363,Amphibians and Reptiles of Kampankis,Anfibios y Reptiles de Kampankis,PE.AM,1ded07c6-4fbd-4364-8785-3f816e36241f
Peru,Ancash,750,fg_750,http://fieldguides.fieldmuseum.org/guides/guide/750,Plants of the Cordillera Blanca,Plantas de la Cordillera Blanca,PE.AN,155c4272-fc52-454c-9ed7-aa0c620db70e
Peru,Apurímac,521,fg_521,http://fieldguides.fieldmuseum.org/guides/guide/521,Amphibians of the Sierra de Ayacucho and Apurímac,Anfibios de la Sierra de Ayacucho y Apurímac,PE.AP,a7c441e5-ed02-4485-a425-65fd4cc6a144
Peru,Apurímac,469,fg_469,http://fieldguides.fieldmuseum.org/guides/guide/469,"Plants of Limatambo, Cunyac, and Curahuasi","Plantas de Limatambo, Cunyac y Curahuasi",PE.AP,a7c441e5-ed02-4485-a425-65fd4cc6a144
Peru,Arequipa,160,fg_160,http://fieldguides.fieldmuseum.org/guides/guide/160,Common Plants of the Valle del Cotahuasi,Plantas Comunes del Cañon del Cotahuasi,PE.AR,79bb7ac7-699d-45f4-87b4-b7edd9ec36d6
Peru,Arequipa,55,fg_55,http://fieldguides.fieldmuseum.org/guides/guide/55,Conspicuous Plants of the Valle del Colca,Plantas Llamativas del Valle del Colca,PE.AR,79bb7ac7-699d-45f4-87b4-b7edd9ec36d6
Peru,Ayacucho,521,fg_521,http://fieldguides.fieldmuseum.org/guides/guide/521,Amphibians of the Sierra de Ayacucho and Apurímac,Anfibios de la Sierra de Ayacucho y Apurímac,PE.AY,f37fbe12-0283-40f9-b835-f5abdd9bfa46
Peru,Ayacucho,405,fg_405,http://fieldguides.fieldmuseum.org/guides/guide/405,Plants of Laguna de Parinacochas,Plantas de la Laguna de Parinacochas y sus Alrededores,PE.AY,f37fbe12-0283-40f9-b835-f5abdd9bfa46
Peru,Ayacucho,735,fg_735,http://fieldguides.fieldmuseum.org/guides/guide/735,Vascular Plants of Torobamba and Pampas Dry Forests,Plantas Vasculares del Bosque Seco de Torobamba y Pampas,PE.AY,f37fbe12-0283-40f9-b835-f5abdd9bfa46
Peru,Cajamarca,763,fg_763,http://fieldguides.fieldmuseum.org/guides/guide/763,"Birds of Chugur, Hualgayoc district","Aves del Distrito de Chugur, Hualgayoc",PE.CJ,faffea07-c683-44c6-9b68-5a54eb2ccc30
Peru,Cajamarca,761,fg_761,http://fieldguides.fieldmuseum.org/guides/guide/761,Cacti of a seasonally dry tropical forest,Cactaceae del Bosque Tropical Estacionalmente Seco,PE.CJ,faffea07-c683-44c6-9b68-5a54eb2ccc30
Peru,Cajamarca,764,fg_764,http://fieldguides.fieldmuseum.org/guides/guide/764,Hummingbirds of Cajamarca,Colibríes de Cajamarca,PE.CJ,faffea07-c683-44c6-9b68-5a54eb2ccc30
Peru,Cusco,461,fg_461,http://fieldguides.fieldmuseum.org/guides/guide/461,"Amphibians of Acjanaco, Wayqecha, Pillahuata","Anfibios de Acjanaco, Wayqecha, Pillahuata",PE.CS,88b1c570-81fd-4ba6-9db5-32f080178941
Peru,Cusco,514,fg_514,http://fieldguides.fieldmuseum.org/guides/guide/514,Avian Nesting along an Altitudinal Gradient in Manu National Park,"Anidación de Aves en una Gradiente Altitudinal, Parque Nacional Manu",PE.CS,88b1c570-81fd-4ba6-9db5-32f080178941
Peru,Cusco,791,fg_791,http://fieldguides.fieldmuseum.org/guides/guide/791,Common Plants of the Lower Urubamba River,Plantas Comunes del Bosque Amazónico del Bajo Río Urubamba,PE.CS,88b1c570-81fd-4ba6-9db5-32f080178941
Peru,Cusco,100,fg_100,http://fieldguides.fieldmuseum.org/guides/guide/100,"Conspicuous Plants of Acjanaco, Cosñipata","Plantas Llamativas de Acjanaco, Cosñipata",PE.CS,88b1c570-81fd-4ba6-9db5-32f080178941
Peru,Cusco,98,fg_98,http://fieldguides.fieldmuseum.org/guides/guide/98,Conspicuous Plants of Machu Picchu,Plantas Llamativas de Machu Picchu,PE.CS,88b1c570-81fd-4ba6-9db5-32f080178941
Peru,Cusco,102,fg_102,http://fieldguides.fieldmuseum.org/guides/guide/102,"Conspicuous Plants of Pillahuata, Cosñipata","Plantas Llamativas de Pillahuata, Cosñipata",PE.CS,88b1c570-81fd-4ba6-9db5-32f080178941
Peru,Cusco,104,fg_104,http://fieldguides.fieldmuseum.org/guides/guide/104,"Conspicuous Plants of San Pedro, Cosñipata","Plantas Llamativas de San Pedro, Cosñipata",PE.CS,88b1c570-81fd-4ba6-9db5-32f080178941
Peru,Cusco,685,fg_685,http://fieldguides.fieldmuseum.org/guides/guide/685,"Epidendrum (Orchidaceae) of Cusco, Madre de Dios, and Puno","Epidendrum (Orchidaceae) de Cusco, Madre de Dios y Puno",PE.CS,88b1c570-81fd-4ba6-9db5-32f080178941
Peru,Cusco,238,fg_238,http://fieldguides.fieldmuseum.org/guides/guide/238,Ericaceae of Machu Picchu,Ericaceae de Machu Picchu,PE.CS,88b1c570-81fd-4ba6-9db5-32f080178941
Peru,Cusco,101,fg_101,http://fieldguides.fieldmuseum.org/guides/guide/101,"More Plants of Acjanaco, Cosñipata","Más Plantas de Acjanaco, Cosñipata",PE.CS,88b1c570-81fd-4ba6-9db5-32f080178941
Peru,Cusco,103,fg_103,http://fieldguides.fieldmuseum.org/guides/guide/103,"More Plants of Pillahuata, Cosñipata","Más Plantas de Pillahuata, Cosñipata",PE.CS,88b1c570-81fd-4ba6-9db5-32f080178941
Peru,Cusco,105,fg_105,http://fieldguides.fieldmuseum.org/guides/guide/105,"More Plants of San Pedro, Cosñipata","Más Plantas de San Pedro, Cosñipata",PE.CS,88b1c570-81fd-4ba6-9db5-32f080178941
Peru,Cusco,181,fg_181,http://fieldguides.fieldmuseum.org/guides/guide/181,Orchids of Machu Picchu,Orquídeas de Machu Picchu,PE.CS,88b1c570-81fd-4ba6-9db5-32f080178941
Peru,Cusco,469,fg_469,http://fieldguides.fieldmuseum.org/guides/guide/469,"Plants of Limatambo, Cunyac, and Curahuasi","Plantas de Limatambo, Cunyac y Curahuasi",PE.CS,88b1c570-81fd-4ba6-9db5-32f080178941
Peru,Cusco,182,fg_182,http://fieldguides.fieldmuseum.org/guides/guide/182,Tree Ferns of Cosñipata-Trocha Unión,"Helechos Arbóreos de la Trocha Unión, Cosñipata",PE.CS,88b1c570-81fd-4ba6-9db5-32f080178941
Peru,Cusco,280,fg_280,http://fieldguides.fieldmuseum.org/guides/guide/280,Vochysiaceae of Southeastern Peru,Vochysiaceae del Sureste del Perú,PE.CS,88b1c570-81fd-4ba6-9db5-32f080178941
Peru,Huánuco,596,fg_596,http://fieldguides.fieldmuseum.org/guides/guide/596,Amphibians of Cordillera Azul National Park,Anfibios del Parque Nacional Cordillera Azul,PE.HC,43cd4ca6-4fcf-4ad5-84db-37fa8478b10e
Peru,Huánuco,809,fg_809,http://fieldguides.fieldmuseum.org/guides/guide/809,Amphibians of the Sira Communal Reserve,Anfibios de la Reserva Comunal Sira,PE.HC,43cd4ca6-4fcf-4ad5-84db-37fa8478b10e
Peru,Huánuco,605,fg_605,http://fieldguides.fieldmuseum.org/guides/guide/605,Common Orthoptera of Tingo Maria,Orthoptera Comunes de Tingo María,PE.HC,43cd4ca6-4fcf-4ad5-84db-37fa8478b10e
Peru,Huánuco,966,fg_966,http://fieldguides.fieldmuseum.org/guides/guide/966,Orchids of Tingo María National Park,Orchidaceae del Parque Nacional Tingo María,PE.HC,43cd4ca6-4fcf-4ad5-84db-37fa8478b10e
Peru,Huánuco,496,fg_496,http://fieldguides.fieldmuseum.org/guides/guide/496,"Orthoptera of Leticia, Sira Communal Reserve","Ortópteros de Leticia, Reserva Comunal Sira",PE.HC,43cd4ca6-4fcf-4ad5-84db-37fa8478b10e
Peru,Huánuco,810,fg_810,http://fieldguides.fieldmuseum.org/guides/guide/810,Reptiles of the Sira Communal Reserve,Reptiles de la Reserva Comunal Sira,PE.HC,43cd4ca6-4fcf-4ad5-84db-37fa8478b10e
Peru,Ica,175,fg_175,http://fieldguides.fieldmuseum.org/guides/guide/175,Birds of Islas Ballestas Birds and Lizards of Paracas,"Aves de las Islas Ballestas, Lagartijas de Paracas",PE.IC,4b014be5-8e1e-498f-84cc-ce9ab2f4d993
Peru,Loreto,245,fg_245,http://fieldguides.fieldmuseum.org/guides/guide/245,40 Common Trees of Jenaro Herrera,40 Árboles Comunes de Jenaro Herrera,PE.LO,b5ef767b-0c2f-40da-a7cd-ceafb216e18d
Peru,Loreto,286,fg_286,http://fieldguides.fieldmuseum.org/guides/guide/286,Amphibians and Reptiles of Jenaro Herrera,Anfibios y Reptiles de Jenaro Herrera,PE.LO,b5ef767b-0c2f-40da-a7cd-ceafb216e18d
Peru,Loreto,363,fg_363,http://fieldguides.fieldmuseum.org/guides/guide/363,Amphibians and Reptiles of Kampankis,Anfibios y Reptiles de Kampankis,PE.LO,b5ef767b-0c2f-40da-a7cd-ceafb216e18d
Peru,Loreto,262,fg_262,http://fieldguides.fieldmuseum.org/guides/guide/262,Amphibians and Reptiles of Loreto,Anfibios y Reptiles de Loreto,PE.LO,b5ef767b-0c2f-40da-a7cd-ceafb216e18d
Peru,Loreto,751,fg_751,http://fieldguides.fieldmuseum.org/guides/guide/751,Amphibians and Reptiles of the Algodón River,Anfibios y Reptiles del Río Algodón,PE.LO,b5ef767b-0c2f-40da-a7cd-ceafb216e18d
Peru,Loreto,425,fg_425,http://fieldguides.fieldmuseum.org/guides/guide/425,Amphibians and Reptiles of the Santa Cruz Reserve,Anfibios y Reptiles de la Reserva Santa Cruz,PE.LO,b5ef767b-0c2f-40da-a7cd-ceafb216e18d
Peru,Loreto,484,fg_484,http://fieldguides.fieldmuseum.org/guides/guide/484,Amphibians and Reptiles of the Tapiche-Blanco Region,Anfibios y Reptiles en el Interfluvio de los Ríos Tapiche y Blanco,PE.LO,b5ef767b-0c2f-40da-a7cd-ceafb216e18d
Peru,Loreto,596,fg_596,http://fieldguides.fieldmuseum.org/guides/guide/596,Amphibians of Cordillera Azul National Park,Anfibios del Parque Nacional Cordillera Azul,PE.LO,b5ef767b-0c2f-40da-a7cd-ceafb216e18d
Peru,Loreto,696,fg_696,http://fieldguides.fieldmuseum.org/guides/guide/696,Birds of the Malecón Tarapacá,Aves del Boulevard - Malecón Tarapacá,PE.LO,b5ef767b-0c2f-40da-a7cd-ceafb216e18d
Peru,Loreto,864,fg_864,http://fieldguides.fieldmuseum.org/guides/guide/864,Birds of Vieja Cocha,Aves de Vieja Cocha,PE.LO,b5ef767b-0c2f-40da-a7cd-ceafb216e18d
Peru,Loreto,176,fg_176,http://fieldguides.fieldmuseum.org/guides/guide/176,Burseraceae of Allpahuayo-Mishana,Burseraceae de Allpahuayo-Mishana,PE.LO,b5ef767b-0c2f-40da-a7cd-ceafb216e18d
Peru,Loreto,106,fg_106,http://fieldguides.fieldmuseum.org/guides/guide/106,Climbers and Epiphytes of Cordillera Azul,Trepadoras y Epífitas de la Cordillera Azul,PE.LO,b5ef767b-0c2f-40da-a7cd-ceafb216e18d
Peru,Loreto,128,fg_128,http://fieldguides.fieldmuseum.org/guides/guide/128,"Climbers, Herbs and Epiphytes of Allpahuayo-Mishana","Trepadoras, Hierbas y Epífitas de Allpahuayo-Mishana",PE.LO,b5ef767b-0c2f-40da-a7cd-ceafb216e18d
Peru,Loreto,434,fg_434,http://fieldguides.fieldmuseum.org/guides/guide/434,Common Orthoptera of Picuroyacu,Ortópteros Comunes de Picuroyacu,PE.LO,b5ef767b-0c2f-40da-a7cd-ceafb216e18d
Peru,Loreto,164,fg_164,http://fieldguides.fieldmuseum.org/guides/guide/164,"Common Plants of Chambirillo, Cordillera Azul","Plantas Comunes de Chambirillo, Cordillera Azul",PE.LO,b5ef767b-0c2f-40da-a7cd-ceafb216e18d
Peru,Loreto,792,fg_792,http://fieldguides.fieldmuseum.org/guides/guide/792,Common Plants of Iquitos,Plantas Comunes de la Ciudad de Iquitos,PE.LO,b5ef767b-0c2f-40da-a7cd-ceafb216e18d
Peru,Loreto,571,fg_571,http://fieldguides.fieldmuseum.org/guides/guide/571,Common Plants of the Cordillera Escalera,Plantas Comunes de la Cordillera Escalera,PE.LO,b5ef767b-0c2f-40da-a7cd-ceafb216e18d
Peru,Loreto,862,fg_862,http://fieldguides.fieldmuseum.org/guides/guide/862,Common Plants of the Putumayo-Algodón,Plantas Comunes del Medio Putumayo-Algodón,PE.LO,b5ef767b-0c2f-40da-a7cd-ceafb216e18d
Peru,Loreto,129,fg_129,http://fieldguides.fieldmuseum.org/guides/guide/129,Common Plants of the Río Nanay,Plantas Comunes de la Tahuampa del Río Nanay,PE.LO,b5ef767b-0c2f-40da-a7cd-ceafb216e18d
Peru,Loreto,705,fg_705,http://fieldguides.fieldmuseum.org/guides/guide/705,Common Plants of the Tapiche and Blanco Rivers,Plantas Comunes del Interfluvio Tapiche-Blanco,PE.LO,b5ef767b-0c2f-40da-a7cd-ceafb216e18d
Peru,Loreto,730,fg_730,http://fieldguides.fieldmuseum.org/guides/guide/730,Common Trees of the Northern Pipeline (Morona Sector) of Loreto,"Árboles Comunes del Oleoducto Norperuano, Sector Morona",PE.LO,b5ef767b-0c2f-40da-a7cd-ceafb216e18d
Peru,Loreto,118,fg_118,http://fieldguides.fieldmuseum.org/guides/guide/118,Conspicuous Plants of Allpahuayo-Mishana,Plantas Llamativas de Allpahuayo-Mishana,PE.LO,b5ef767b-0c2f-40da-a7cd-ceafb216e18d
Peru,Loreto,163,fg_163,http://fieldguides.fieldmuseum.org/guides/guide/163,"Conspicuous Plants of Chambirillo, Cordillera Azul","Plantas Llamativas de Chambirillo, Cordillera Azul",PE.LO,b5ef767b-0c2f-40da-a7cd-ceafb216e18d
Peru,Loreto,162,fg_162,http://fieldguides.fieldmuseum.org/guides/guide/162,Conspicuous Plants of the Río Yavarí,Plantas Llamativas del Río Yavarí,PE.LO,b5ef767b-0c2f-40da-a7cd-ceafb216e18d
Peru,Loreto,583,fg_583,http://fieldguides.fieldmuseum.org/guides/guide/583,"Fishes of the Ere, Campuya, and Algodón Rivers","Peces de los Ríos Ere, Campuya y Algodón",PE.LO,b5ef767b-0c2f-40da-a7cd-ceafb216e18d
Peru,Loreto,299,fg_299,http://fieldguides.fieldmuseum.org/guides/guide/299,Fishes of the Yaguas River,Peces del Río Yaguas,PE.LO,b5ef767b-0c2f-40da-a7cd-ceafb216e18d
Peru,Loreto,729,fg_729,http://fieldguides.fieldmuseum.org/guides/guide/729,Flowers and Fruits of the 'El Huayo' Arboretum,Flores y Frutos del Arboretum 'El Huayo',PE.LO,b5ef767b-0c2f-40da-a7cd-ceafb216e18d
Peru,Loreto,635,fg_635,http://fieldguides.fieldmuseum.org/guides/guide/635,Fruits Eaten by Squirrel Monkeys in Loreto,Frutos Consumidos por Saimiri sciureus en Loreto,PE.LO,b5ef767b-0c2f-40da-a7cd-ceafb216e18d
Peru,Loreto,107,fg_107,http://fieldguides.fieldmuseum.org/guides/guide/107,Herbs of Cordillera Azul,Hierbas de la Cordillera Azul,PE.LO,b5ef767b-0c2f-40da-a7cd-ceafb216e18d
Peru,Loreto,287,fg_287,http://fieldguides.fieldmuseum.org/guides/guide/287,Large Mammals of Loreto,Mamíferos Grandes de Loreto,PE.LO,b5ef767b-0c2f-40da-a7cd-ceafb216e18d
Peru,Loreto,397,fg_397,http://fieldguides.fieldmuseum.org/guides/guide/397,Large Mammals of the Yaguas and Cotuhé Rivers,Mamíferos Grandes de los Ríos Yaguas y Cotuhé,PE.LO,b5ef767b-0c2f-40da-a7cd-ceafb216e18d
Peru,Loreto,508,fg_508,http://fieldguides.fieldmuseum.org/guides/guide/508,Medicinal Plants of Ere-Campuya,Plantas Medicinales de Ere-Campuya,PE.LO,b5ef767b-0c2f-40da-a7cd-ceafb216e18d
Peru,Loreto,209,fg_209,http://fieldguides.fieldmuseum.org/guides/guide/209,Mushrooms of Allpahuayo-Mishana,Hongos de Allpahuayo-Mishana,PE.LO,b5ef767b-0c2f-40da-a7cd-ceafb216e18d
Peru,Loreto,119,fg_119,http://fieldguides.fieldmuseum.org/guides/guide/119,Palms of Allpahuayo-Mishana,Palmas de Allpahuayo-Mishana,PE.LO,b5ef767b-0c2f-40da-a7cd-ceafb216e18d
Peru,Loreto,78,fg_78,http://fieldguides.fieldmuseum.org/guides/guide/78,Palms of Cordillera Azul,Palmas de la Cordillera Azul,PE.LO,b5ef767b-0c2f-40da-a7cd-ceafb216e18d
Peru,Loreto,161,fg_161,http://fieldguides.fieldmuseum.org/guides/guide/161,Palms of the Río Yavarí,Palmas del Río Yavarí,PE.LO,b5ef767b-0c2f-40da-a7cd-ceafb216e18d
Peru,Loreto,295,fg_295,http://fieldguides.fieldmuseum.org/guides/guide/295,Palms of the Yaguas River,Palmas del Río Yaguas,PE.LO,b5ef767b-0c2f-40da-a7cd-ceafb216e18d
Peru,Loreto,504,fg_504,http://fieldguides.fieldmuseum.org/guides/guide/504,"Plants of the Ere, Campuya and Algodón Rivers","Plantas de los Ríos Ere, Campuya y Algodón",PE.LO,b5ef767b-0c2f-40da-a7cd-ceafb216e18d
Peru,Loreto,117,fg_117,http://fieldguides.fieldmuseum.org/guides/guide/117,Rare Plants and Landscapes of Cordillera Azul,Plantas Raras y Paisajes de la Cordillera Azul,PE.LO,b5ef767b-0c2f-40da-a7cd-ceafb216e18d
Peru,Loreto,296,fg_296,http://fieldguides.fieldmuseum.org/guides/guide/296,Timber Trees of the Yaguas River,Árboles Maderables del Río Yaguas,PE.LO,b5ef767b-0c2f-40da-a7cd-ceafb216e18d
Peru,Loreto,120,fg_120,http://fieldguides.fieldmuseum.org/guides/guide/120,Trees and Shrubs of Allpahuayo-Mishana,Árboles y Arbustos de Allpahuayo-Mishana,PE.LO,b5ef767b-0c2f-40da-a7cd-ceafb216e18d
Peru,Loreto,77,fg_77,http://fieldguides.fieldmuseum.org/guides/guide/77,Trees and Shrubs of Cordillera Azul,Árboles y Arbustos de la Cordillera Azul,PE.LO,b5ef767b-0c2f-40da-a7cd-ceafb216e18d
Peru,Loreto,731,fg_731,http://fieldguides.fieldmuseum.org/guides/guide/731,Trees and Shrubs of Yurimaguas,Árboles y Arbustos Comunes de Yurimaguas,PE.LO,b5ef767b-0c2f-40da-a7cd-ceafb216e18d
Peru,Madre de Dios,766,fg_766,http://fieldguides.fieldmuseum.org/guides/guide/766,Amphibians and Reptiles of the Amarakaeri Communal Reserve,Anfibios y Reptiles de la Reserva Comunal Amarakaeri,PE.MD,b807610f-5396-48af-a195-f10c70a4f4ca
Peru,Madre de Dios,740,fg_740,http://fieldguides.fieldmuseum.org/guides/guide/740,Amphibians of Cocha Cashu Biological Station,Anfibios de la Estación Biológica Cocha Cashu,PE.MD,b807610f-5396-48af-a195-f10c70a4f4ca
Peru,Madre de Dios,236,fg_236,http://fieldguides.fieldmuseum.org/guides/guide/236,Amphibians of Manu and Tambopata,Anfibios de Madre de Dios,PE.MD,b807610f-5396-48af-a195-f10c70a4f4ca
Peru,Madre de Dios,645,fg_645,http://fieldguides.fieldmuseum.org/guides/guide/645,Amphibians of Manu Learning Centre,Anfibios de Manu Learning Centre,PE.MD,b807610f-5396-48af-a195-f10c70a4f4ca
Peru,Madre de Dios,256,fg_256,http://fieldguides.fieldmuseum.org/guides/guide/256,Ant Birds of Peru and Bolivia,Pájaros Hormigueros del Perú y Bolivia,PE.MD,b807610f-5396-48af-a195-f10c70a4f4ca
Peru,Madre de Dios,415,fg_415,http://fieldguides.fieldmuseum.org/guides/guide/415,Bamboos of Los Amigos,Bambúes de Los Amigos,PE.MD,b807610f-5396-48af-a195-f10c70a4f4ca
Peru,Madre de Dios,886,fg_886,http://fieldguides.fieldmuseum.org/guides/guide/886,Bats of Cocha Cashu Biological Station,Murciélagos de la Estación Biológica Cocha Cashu,PE.MD,b807610f-5396-48af-a195-f10c70a4f4ca
Peru,Madre de Dios,949,fg_949,http://fieldguides.fieldmuseum.org/guides/guide/949,Bats of Los Amigos Biological Station,Murciélagos de la Estación Biológica Los Amigos,PE.MD,b807610f-5396-48af-a195-f10c70a4f4ca
Peru,Madre de Dios,760,fg_760,http://fieldguides.fieldmuseum.org/guides/guide/760,Birds of the Amarakaeri Communal Reserve,Aves de la Reserva Comunal Amarakaeri,PE.MD,b807610f-5396-48af-a195-f10c70a4f4ca
Peru,Madre de Dios,770,fg_770,http://fieldguides.fieldmuseum.org/guides/guide/770,Clearwing butterflies (Nymphalidae: Ithomiini) of Madre de Dios,Mariposas de Cristal (Nymphalidae: Ithomiini) de Madre de Dios,PE.MD,b807610f-5396-48af-a195-f10c70a4f4ca
Peru,Madre de Dios,81,fg_81,http://fieldguides.fieldmuseum.org/guides/guide/81,Climbers and Epiphytes of Los Amigos,Trepadoras y Epífitas del Centro Río Amigos,PE.MD,b807610f-5396-48af-a195-f10c70a4f4ca
Peru,Madre de Dios,779,fg_779,http://fieldguides.fieldmuseum.org/guides/guide/779,Conspicuous Plants of the Amarakaeri Communal Reserve,Plantas Llamativas de la Reserva Amarakaeri,PE.MD,b807610f-5396-48af-a195-f10c70a4f4ca
Peru,Madre de Dios,778,fg_778,http://fieldguides.fieldmuseum.org/guides/guide/778,Dung Beetles (Scarabaeinae) of the Amarakaeri Communal Reserve,Escarabajos (Scarabaeinae) de la Reserva Comunal Amarakaeri,PE.MD,b807610f-5396-48af-a195-f10c70a4f4ca
Peru,Madre de Dios,413,fg_413,http://fieldguides.fieldmuseum.org/guides/guide/413,Dung Beetles of Cocha Cashu Biological Station,Escarabajos Coprófagos de Cocha Cashu,PE.MD,b807610f-5396-48af-a195-f10c70a4f4ca
Peru,Madre de Dios,414,fg_414,http://fieldguides.fieldmuseum.org/guides/guide/414,Dung Beetles of Los Amigos,Escarabajos Coprófagos de la Estación Biologica Los Amigos,PE.MD,b807610f-5396-48af-a195-f10c70a4f4ca
Peru,Madre de Dios,685,fg_685,http://fieldguides.fieldmuseum.org/guides/guide/685,"Epidendrum (Orchidaceae) of Cusco, Madre de Dios, and Puno","Epidendrum (Orchidaceae) de Cusco, Madre de Dios y Puno",PE.MD,b807610f-5396-48af-a195-f10c70a4f4ca
Peru,Madre de Dios,205,fg_205,http://fieldguides.fieldmuseum.org/guides/guide/205,Fish of Cocha Cashu,Peces de Cocha Cashu,PE.MD,b807610f-5396-48af-a195-f10c70a4f4ca
Peru,Madre de Dios,759,fg_759,http://fieldguides.fieldmuseum.org/guides/guide/759,Foods Eaten by Woolly Monkeys in Madre de Dios,Plantas Consumidas por los Monos Choro (Lagothrix cana) en Madre de Dios,PE.MD,b807610f-5396-48af-a195-f10c70a4f4ca
Peru,Madre de Dios,787,fg_787,http://fieldguides.fieldmuseum.org/guides/guide/787,Frogs and Reptiles of the Taricaya Ecological Reserve,Ranas y Reptiles de la Reserva Ecológica Taricaya,PE.MD,b807610f-5396-48af-a195-f10c70a4f4ca
Peru,Madre de Dios,165,fg_165,http://fieldguides.fieldmuseum.org/guides/guide/165,Frogs and Toads of Tambopata,Ranas Comunes de Tambopata,PE.MD,b807610f-5396-48af-a195-f10c70a4f4ca
Peru,Madre de Dios,241,fg_241,http://fieldguides.fieldmuseum.org/guides/guide/241,Fruits of Cocha Cashu,Frutos de Cocha Cashu,PE.MD,b807610f-5396-48af-a195-f10c70a4f4ca
Peru,Madre de Dios,525,fg_525,http://fieldguides.fieldmuseum.org/guides/guide/525,Fungi of Cocha Cashu,Hongos de Cocha Cashu,PE.MD,b807610f-5396-48af-a195-f10c70a4f4ca
Peru,Madre de Dios,82,fg_82,http://fieldguides.fieldmuseum.org/guides/guide/82,Herbs of Los Amigos,Hierbas de Los Amigos,PE.MD,b807610f-5396-48af-a195-f10c70a4f4ca
Peru,Madre de Dios,580,fg_580,http://fieldguides.fieldmuseum.org/guides/guide/580,Herpetofauna of Manu Wildlife Center,Herpetofauna de Manu Wildlife Center,PE.MD,b807610f-5396-48af-a195-f10c70a4f4ca
Peru,Madre de Dios,230,fg_230,http://fieldguides.fieldmuseum.org/guides/guide/230,Hummingbirds of Madre de Dios,Colibríes de Madre de Dios,PE.MD,b807610f-5396-48af-a195-f10c70a4f4ca
Peru,Madre de Dios,231,fg_231,http://fieldguides.fieldmuseum.org/guides/guide/231,Large Mammals of Loreto,Mamíferos Grandes de Madre de Dios,PE.MD,b807610f-5396-48af-a195-f10c70a4f4ca
Peru,Madre de Dios,843,fg_843,http://fieldguides.fieldmuseum.org/guides/guide/843,Macroinvertebrates of Rivers and Creeks Along the Interoceanic Highway,Macroinvertebrados de Ríos y Arroyos a lo largo de la Carretera Interoceánica,PE.MD,b807610f-5396-48af-a195-f10c70a4f4ca
Peru,Madre de Dios,752,fg_752,http://fieldguides.fieldmuseum.org/guides/guide/752,Mammals of the Amarakaeri Communal Reserve,Mamíferos de la Reserva Comunal Amarakaeri,PE.MD,b807610f-5396-48af-a195-f10c70a4f4ca
Peru,Madre de Dios,542,fg_542,http://fieldguides.fieldmuseum.org/guides/guide/542,Orchids of Amarakaeri Communal Reserve,Orquídeas de Amarakaeri,PE.MD,b807610f-5396-48af-a195-f10c70a4f4ca
Peru,Madre de Dios,83,fg_83,http://fieldguides.fieldmuseum.org/guides/guide/83,Palms of Los Amigos,Palmas de Los Amigos,PE.MD,b807610f-5396-48af-a195-f10c70a4f4ca
Peru,Madre de Dios,876,fg_876,http://fieldguides.fieldmuseum.org/guides/guide/876,Plants of Gallocunca Conservation Forest,Plantas del Bosque de Conservación Gallocunca,PE.MD,b807610f-5396-48af-a195-f10c70a4f4ca
Peru,Madre de Dios,194,fg_194,http://fieldguides.fieldmuseum.org/guides/guide/194,Reptiles of Madre de Dios,Reptiles de Madre de Dios,PE.MD,b807610f-5396-48af-a195-f10c70a4f4ca
Peru,Madre de Dios,644,fg_644,http://fieldguides.fieldmuseum.org/guides/guide/644,Reptiles of Manu Learning Centre,Reptiles de Manu Learning Centre,PE.MD,b807610f-5396-48af-a195-f10c70a4f4ca
Peru,Madre de Dios,243,fg_243,http://fieldguides.fieldmuseum.org/guides/guide/243,Seedlings of Cocha Cashu,Plántulas de Cocha Cashu,PE.MD,b807610f-5396-48af-a195-f10c70a4f4ca
Peru,Madre de Dios,242,fg_242,http://fieldguides.fieldmuseum.org/guides/guide/242,Seeds of Cocha Cashu,Semillas de Cocha Cashu,PE.MD,b807610f-5396-48af-a195-f10c70a4f4ca
Peru,Madre de Dios,80,fg_80,http://fieldguides.fieldmuseum.org/guides/guide/80,Trees and Shrubs of Los Amigos,Árboles y Arbustos del Centro Río Amigos,PE.MD,b807610f-5396-48af-a195-f10c70a4f4ca
Peru,Madre de Dios,280,fg_280,http://fieldguides.fieldmuseum.org/guides/guide/280,Vochysiaceae of Southeastern Peru,Vochysiaceae del Sureste del Perú,PE.MD,b807610f-5396-48af-a195-f10c70a4f4ca
Peru,Cusco,256,fg_256,http://fieldguides.fieldmuseum.org/guides/guide/256,Ant Birds of Peru and Bolivia,Pájaros Hormigueros del Perú y Bolivia,PE.CS,88b1c570-81fd-4ba6-9db5-32f080178941
Peru,Puno,256,fg_256,http://fieldguides.fieldmuseum.org/guides/guide/256,Ant Birds of Peru and Bolivia,Pájaros Hormigueros del Perú y Bolivia,PE.PU,ac4d3c81-d4ba-490b-891d-835ca60f271d
Peru,Pasco,809,fg_809,http://fieldguides.fieldmuseum.org/guides/guide/809,Amphibians of the Sira Communal Reserve,Anfibios de la Reserva Comunal Sira,PE.PA,1d8b3479-6a1b-4cb2-88bd-ca643f27a73d
Peru,Pasco,738,fg_738,http://fieldguides.fieldmuseum.org/guides/guide/738,Amphibians of Yanachaga-Chemillén National Park,Anfibios del Parque Nacional Yanachaga-Chemillén,PE.PA,1d8b3479-6a1b-4cb2-88bd-ca643f27a73d
Peru,Pasco,95,fg_95,http://fieldguides.fieldmuseum.org/guides/guide/95,"Common Plants of Cerro Pajonal, Yanachaga","Plantas del Cerro Pajonal, Yanachaga",PE.PA,1d8b3479-6a1b-4cb2-88bd-ca643f27a73d
Peru,Pasco,96,fg_96,http://fieldguides.fieldmuseum.org/guides/guide/96,"Common Plants of Palcazu, Yanachaga","Plantas de la Cuenca del Palcazu, Yanachaga",PE.PA,1d8b3479-6a1b-4cb2-88bd-ca643f27a73d
Peru,Pasco,97,fg_97,http://fieldguides.fieldmuseum.org/guides/guide/97,"Common Plants of Sta. Barbara, Yanachaga","Plantas de La Misericordia y Sta. Barbara, Yanachaga",PE.PA,1d8b3479-6a1b-4cb2-88bd-ca643f27a73d
Peru,Pasco,93,fg_93,http://fieldguides.fieldmuseum.org/guides/guide/93,Conspicuous Plants of Huancabamba,"Plantas Llamativas del Cañón de Huancabamba, Yanachaga",PE.PA,1d8b3479-6a1b-4cb2-88bd-ca643f27a73d
Peru,Pasco,91,fg_91,http://fieldguides.fieldmuseum.org/guides/guide/91,"Conspicuous Plants of San Alberto, Yanachaga","Plantas Llamativas de la Cuenca de San Alberto, Yanachaga",PE.PA,1d8b3479-6a1b-4cb2-88bd-ca643f27a73d
Peru,Pasco,92,fg_92,http://fieldguides.fieldmuseum.org/guides/guide/92,"More Plants of San Alberto, Yanachaga","Más Plantas de la Cuenca de San Alberto, Yanachaga",PE.PA,1d8b3479-6a1b-4cb2-88bd-ca643f27a73d
Peru,Pasco,94,fg_94,http://fieldguides.fieldmuseum.org/guides/guide/94,"Plants of the Estación Biológica Huampal, Yanachaga","Plantas de la Estación Biológica Huampal, Yanachaga",PE.PA,1d8b3479-6a1b-4cb2-88bd-ca643f27a73d
Peru,Pasco,810,fg_810,http://fieldguides.fieldmuseum.org/guides/guide/810,Reptiles of the Sira Communal Reserve,Reptiles de la Reserva Comunal Sira,PE.PA,1d8b3479-6a1b-4cb2-88bd-ca643f27a73d
Peru,Puno,685,fg_685,http://fieldguides.fieldmuseum.org/guides/guide/685,"Epidendrum (Orchidaceae) of Cusco, Madre de Dios, and Puno","Epidendrum (Orchidaceae) de Cusco, Madre de Dios y Puno",PE.PU,ac4d3c81-d4ba-490b-891d-835ca60f271d
Peru,Puno,280,fg_280,http://fieldguides.fieldmuseum.org/guides/guide/280,Vochysiaceae of Southeastern Peru,Vochysiaceae del Sureste del Perú,PE.PU,ac4d3c81-d4ba-490b-891d-835ca60f271d
Peru,San Martín,596,fg_596,http://fieldguides.fieldmuseum.org/guides/guide/596,Amphibians of Cordillera Azul National Park,Anfibios del Parque Nacional Cordillera Azul,PE.SM,f9abd4a5-ef3c-45f8-81b0-1555e47d9754
Peru,San Martín,695,fg_695,http://fieldguides.fieldmuseum.org/guides/guide/695,"Birds of Almendra, Mishquiyacu, and Rumiyacu","Aves de Almendra, Mishquiyacu y Rumiyacu",PE.SM,f9abd4a5-ef3c-45f8-81b0-1555e47d9754
Peru,San Martín,106,fg_106,http://fieldguides.fieldmuseum.org/guides/guide/106,Climbers and Epiphytes of Cordillera Azul,Trepadoras y Epífitas de la Cordillera Azul,PE.SM,f9abd4a5-ef3c-45f8-81b0-1555e47d9754
Peru,San Martín,164,fg_164,http://fieldguides.fieldmuseum.org/guides/guide/164,"Common Plants of Chambirillo, Cordillera Azul","Plantas Comunes de Chambirillo, Cordillera Azul",PE.SM,f9abd4a5-ef3c-45f8-81b0-1555e47d9754
Peru,San Martín,163,fg_163,http://fieldguides.fieldmuseum.org/guides/guide/163,"Conspicuous Plants of Chambirillo, Cordillera Azul","Plantas Llamativas de Chambirillo, Cordillera Azul",PE.SM,f9abd4a5-ef3c-45f8-81b0-1555e47d9754
Peru,San Martín,468,fg_468,http://fieldguides.fieldmuseum.org/guides/guide/468,Gesneriaceae of Alto Mayo,Gesneriaceae de Alto Mayo,PE.SM,f9abd4a5-ef3c-45f8-81b0-1555e47d9754
Peru,San Martín,107,fg_107,http://fieldguides.fieldmuseum.org/guides/guide/107,Herbs of Cordillera Azul,Hierbas de la Cordillera Azul,PE.SM,f9abd4a5-ef3c-45f8-81b0-1555e47d9754
Peru,San Martín,78,fg_78,http://fieldguides.fieldmuseum.org/guides/guide/78,Palms of Cordillera Azul,Palmas de la Cordillera Azul,PE.SM,f9abd4a5-ef3c-45f8-81b0-1555e47d9754
Peru,San Martín,117,fg_117,http://fieldguides.fieldmuseum.org/guides/guide/117,Rare Plants and Landscapes of Cordillera Azul,Plantas Raras y Paisajes de la Cordillera Azul,PE.SM,f9abd4a5-ef3c-45f8-81b0-1555e47d9754
Peru,San Martín,77,fg_77,http://fieldguides.fieldmuseum.org/guides/guide/77,Trees and Shrubs of Cordillera Azul,Árboles y Arbustos de la Cordillera Azul,PE.SM,f9abd4a5-ef3c-45f8-81b0-1555e47d9754
Peru,Ucayali,596,fg_596,http://fieldguides.fieldmuseum.org/guides/guide/596,Amphibians of Cordillera Azul National Park,Anfibios del Parque Nacional Cordillera Azul,PE.UC,9927ae34-2457-4fe5-ac2c-0919cad09737
Peru,Ucayali,809,fg_809,http://fieldguides.fieldmuseum.org/guides/guide/809,Amphibians of the Sira Communal Reserve,Anfibios de la Reserva Comunal Sira,PE.UC,9927ae34-2457-4fe5-ac2c-0919cad09737
Peru,Ucayali,359,fg_359,http://fieldguides.fieldmuseum.org/guides/guide/359,Common and Useful Woody Species of Ucayali,Árboles y Arbustos Útiles y Comunes de la Región Ucayali,PE.UC,9927ae34-2457-4fe5-ac2c-0919cad09737
Peru,Ucayali,810,fg_810,http://fieldguides.fieldmuseum.org/guides/guide/810,Reptiles of the Sira Communal Reserve,Reptiles de la Reserva Comunal Sira,PE.UC,9927ae34-2457-4fe5-ac2c-0919cad09737
Peru,Ucayali,820,fg_820,http://fieldguides.fieldmuseum.org/guides/guide/820,Useful Palms of Ucayali,Palmeras Útiles,PE.UC,9927ae34-2457-4fe5-ac2c-0919cad09737
