country,wdpa_name,guide_number,id,url,title_en,title_es,wdpa_id,region_id
Colombia,Amacayacu,704,fg_704,http://fieldguides.fieldmuseum.org/guides/guide/704,Amphibians and Reptiles of Amacayacu National Park,Anfibios y Reptiles del Parque Nacional Amacayacu,135,905cf794-32c5-485c-96f5-b4d2954e5faf
Colombia,Amacayacu,427,fg_427,http://fieldguides.fieldmuseum.org/guides/guide/427,Reptiles of Tanimboca,Reptiles de la Reserva Natural Tanimboca,135,905cf794-32c5-485c-96f5-b4d2954e5faf
Colombia,Chicaque,683,fg_683,http://fieldguides.fieldmuseum.org/guides/guide/683,Birds of Chicaque Natural Park,Aves del Parque Natural Chicaque,555555938,78ac94dc-0024-41bc-9897-0d2c96c9bc0d
Colombia,Gorgona,437,fg_437,http://fieldguides.fieldmuseum.org/guides/guide/437,Lichens of Gorgona Island,Líquenes de la Isla de Gorgona,10754,dd9816aa-458c-4e59-bce6-23a2005fa854
Colombia,Los Farallones de Cali,973,fg_973,http://fieldguides.fieldmuseum.org/guides/guide/973,Ericaceae and Gesneriaceae of Farallones de Cali National Park,Ericáceas y Gesneriáceas del Parque Nacional Farallones de Cali,138,6c85db39-258d-4659-9048-2fe05285f298
Colombia,Los Farallones de Cali,922,fg_922,http://fieldguides.fieldmuseum.org/guides/guide/922,Gesneriaceae of the Rio Anchicayá Basin,Gesneriaceae del Río Anchicayá,138,6c85db39-258d-4659-9048-2fe05285f298
Colombia,Los Farallones de Cali,577,fg_577,http://fieldguides.fieldmuseum.org/guides/guide/577,Melastomataceae of Farrallones de Cali,Melastomataceae de Farrallones de Cali,138,6c85db39-258d-4659-9048-2fe05285f298
Colombia,Rio Pure,249,fg_249,http://fieldguides.fieldmuseum.org/guides/guide/249,Butterflies of Amazonia (Hesperiidae),Mariposas: Hesperiidae de la Amazonía,303547,56265c2a-7c1a-4c88-b038-4ebf89d9e49d
Colombia,Rio Pure,225,fg_225,http://fieldguides.fieldmuseum.org/guides/guide/225,Butterflies of Amazonia (Lycaenidae),Mariposas: Lycaenidae de la Amazonía,303547,56265c2a-7c1a-4c88-b038-4ebf89d9e49d
Colombia,Rio Pure,206,fg_206,http://fieldguides.fieldmuseum.org/guides/guide/206,"Butterflies of Amazonia (Nymphalidae, Biblidinae)",Mariposas: Nymphalidae: Biblidinae de la Amazonía,303547,56265c2a-7c1a-4c88-b038-4ebf89d9e49d
Colombia,Rio Pure,201,fg_201,http://fieldguides.fieldmuseum.org/guides/guide/201,"Butterflies of Amazonia (Nymphalidae, Brassolinae, Morphinae)",Mariposas: Nymphalidae: Brassolinae y Morphinae  de la Amazonía,303547,56265c2a-7c1a-4c88-b038-4ebf89d9e49d
Colombia,Rio Pure,223,fg_223,http://fieldguides.fieldmuseum.org/guides/guide/223,"Butterflies of Amazonia (Nymphalidae, Heliconinae, Ithomiinae)",Mariposas: Nymphalidae: Heliconinae e Ithomiinae de la Amazonía,303547,56265c2a-7c1a-4c88-b038-4ebf89d9e49d
Colombia,Rio Pure,207,fg_207,http://fieldguides.fieldmuseum.org/guides/guide/207,"Butterflies of Amazonia (Nymphalidae, Limenitidinae, Charaxinae)",Mariposas: Nymphalidae: Limenitidinae y Charaxinae de la Amazonía,303547,56265c2a-7c1a-4c88-b038-4ebf89d9e49d
Colombia,Rio Pure,208,fg_208,http://fieldguides.fieldmuseum.org/guides/guide/208,"Butterflies of Amazonia (Nymphalidae, Nymphalinae, Apaturinae, Danainae)","Mariposas: Nymphalidae: Nymphalinae, Apaturinae, Danainae de la Amazonía",303547,56265c2a-7c1a-4c88-b038-4ebf89d9e49d
Colombia,Rio Pure,250,fg_250,http://fieldguides.fieldmuseum.org/guides/guide/250,"Butterflies of Amazonia (Nymphalidae, Satyrinae)",Mariposas: Nymphalidae: Satyrinae de la Amazonía,303547,56265c2a-7c1a-4c88-b038-4ebf89d9e49d
Colombia,Rio Pure,190,fg_190,http://fieldguides.fieldmuseum.org/guides/guide/190,Butterflies of Amazonia (Papilionidae),Mariposas: Papilionidae de la Amazonía,303547,56265c2a-7c1a-4c88-b038-4ebf89d9e49d
Colombia,Rio Pure,202,fg_202,http://fieldguides.fieldmuseum.org/guides/guide/202,Butterflies of Amazonia (Pieridae),Mariposas: Pieridae de la Amazonía,303547,56265c2a-7c1a-4c88-b038-4ebf89d9e49d
Colombia,Rio Pure,224,fg_224,http://fieldguides.fieldmuseum.org/guides/guide/224,Butterflies of Amazonia (Riodinidae),Mariposas: Riodinidae de la Amazonía,303547,56265c2a-7c1a-4c88-b038-4ebf89d9e49d
Colombia,Yaigoje  Apaporis,249,fg_249,http://fieldguides.fieldmuseum.org/guides/guide/249,Butterflies of Amazonia (Hesperiidae),Mariposas: Hesperiidae de la Amazonía,555511936,4e4d7f7d-58d3-47f2-8603-3b28a7945b3b
Colombia,Yaigoje  Apaporis,225,fg_225,http://fieldguides.fieldmuseum.org/guides/guide/225,Butterflies of Amazonia (Lycaenidae),Mariposas: Lycaenidae de la Amazonía,555511936,4e4d7f7d-58d3-47f2-8603-3b28a7945b3b
Colombia,Yaigoje  Apaporis,206,fg_206,http://fieldguides.fieldmuseum.org/guides/guide/206,"Butterflies of Amazonia (Nymphalidae, Biblidinae)",Mariposas: Nymphalidae: Biblidinae de la Amazonía,555511936,4e4d7f7d-58d3-47f2-8603-3b28a7945b3b
Colombia,Yaigoje  Apaporis,201,fg_201,http://fieldguides.fieldmuseum.org/guides/guide/201,"Butterflies of Amazonia (Nymphalidae, Brassolinae, Morphinae)",Mariposas: Nymphalidae: Brassolinae y Morphinae  de la Amazonía,555511936,4e4d7f7d-58d3-47f2-8603-3b28a7945b3b
Colombia,Yaigoje  Apaporis,223,fg_223,http://fieldguides.fieldmuseum.org/guides/guide/223,"Butterflies of Amazonia (Nymphalidae, Heliconinae, Ithomiinae)",Mariposas: Nymphalidae: Heliconinae e Ithomiinae de la Amazonía,555511936,4e4d7f7d-58d3-47f2-8603-3b28a7945b3b
Colombia,Yaigoje  Apaporis,207,fg_207,http://fieldguides.fieldmuseum.org/guides/guide/207,"Butterflies of Amazonia (Nymphalidae, Limenitidinae, Charaxinae)",Mariposas: Nymphalidae: Limenitidinae y Charaxinae de la Amazonía,555511936,4e4d7f7d-58d3-47f2-8603-3b28a7945b3b
Colombia,Yaigoje  Apaporis,208,fg_208,http://fieldguides.fieldmuseum.org/guides/guide/208,"Butterflies of Amazonia (Nymphalidae, Nymphalinae, Apaturinae, Danainae)","Mariposas: Nymphalidae: Nymphalinae, Apaturinae, Danainae de la Amazonía",555511936,4e4d7f7d-58d3-47f2-8603-3b28a7945b3b
Colombia,Yaigoje  Apaporis,250,fg_250,http://fieldguides.fieldmuseum.org/guides/guide/250,"Butterflies of Amazonia (Nymphalidae, Satyrinae)",Mariposas: Nymphalidae: Satyrinae de la Amazonía,555511936,4e4d7f7d-58d3-47f2-8603-3b28a7945b3b
Colombia,Yaigoje  Apaporis,190,fg_190,http://fieldguides.fieldmuseum.org/guides/guide/190,Butterflies of Amazonia (Papilionidae),Mariposas: Papilionidae de la Amazonía,555511936,4e4d7f7d-58d3-47f2-8603-3b28a7945b3b
Colombia,Yaigoje  Apaporis,202,fg_202,http://fieldguides.fieldmuseum.org/guides/guide/202,Butterflies of Amazonia (Pieridae),Mariposas: Pieridae de la Amazonía,555511936,4e4d7f7d-58d3-47f2-8603-3b28a7945b3b
Colombia,Yaigoje  Apaporis,224,fg_224,http://fieldguides.fieldmuseum.org/guides/guide/224,Butterflies of Amazonia (Riodinidae),Mariposas: Riodinidae de la Amazonía,555511936,4e4d7f7d-58d3-47f2-8603-3b28a7945b3b
Ecuador,Antisana,64,fg_64,http://fieldguides.fieldmuseum.org/guides/guide/64,Conspicuous Plants of Papallacta,Plantas Llamativas del Área de Papallacta,81073,a06d3e3a-847d-479c-872b-2fbfcb62644e
Ecuador,Arenillas,797,fg_797,http://fieldguides.fieldmuseum.org/guides/guide/797,Amphibians of Reserva Ecológica Arenillas,Anfibios de la Reserva Ecológica Arenillas,555592943,791f37ae-4a56-4d37-aa52-194de7295251
Ecuador,Arenillas,366,fg_366,http://fieldguides.fieldmuseum.org/guides/guide/366,Birds of Reserva Arenillas,Aves de la Reserva Ecológica Arenillas,555592943,791f37ae-4a56-4d37-aa52-194de7295251
Ecuador,Arenillas,403,fg_403,http://fieldguides.fieldmuseum.org/guides/guide/403,Mammals of Southern Ecuador,Mamíferos del Sur de Ecuador,555592943,791f37ae-4a56-4d37-aa52-194de7295251
Ecuador,Cayambe Coca,64,fg_64,http://fieldguides.fieldmuseum.org/guides/guide/64,Conspicuous Plants of Papallacta,Plantas Llamativas del Área de Papallacta,183,ffc1cc77-c53c-4b2b-92f4-e0ebdd898d7d
Ecuador,Cayambe Coca,822,fg_822,http://fieldguides.fieldmuseum.org/guides/guide/822,Mammals of Cayambe Coca National Park,Mamíferos del Parque Nacional Cayambe Coca,183,ffc1cc77-c53c-4b2b-92f4-e0ebdd898d7d
Ecuador,Cayambe Coca,681,fg_681,http://fieldguides.fieldmuseum.org/guides/guide/681,Mammals of Cuyuja and Río Cedro,Mamíferos de Cuyuja y Río Cedro,183,ffc1cc77-c53c-4b2b-92f4-e0ebdd898d7d
Ecuador,Cayambe Coca,680,fg_680,http://fieldguides.fieldmuseum.org/guides/guide/680,Mammals of Oyacachiy and Ccottupoe,Mamíferos del Oyacachiy y Ccottupoe,183,ffc1cc77-c53c-4b2b-92f4-e0ebdd898d7d
Ecuador,Cayambe Coca,823,fg_823,http://fieldguides.fieldmuseum.org/guides/guide/823,Mammals of the Tropi-Andino Conservation Corridor (Sucumbíos),Mamíferos del Corredor de Conectividad Tropi-Andino (Sucumbíos),183,ffc1cc77-c53c-4b2b-92f4-e0ebdd898d7d
Ecuador,Cayambe Coca,579,fg_579,http://fieldguides.fieldmuseum.org/guides/guide/579,Vertebrates of Cayambe-Coca Park,Vertebrados del Parque Cayambe-Coca,183,ffc1cc77-c53c-4b2b-92f4-e0ebdd898d7d
Ecuador,Chimborazo,968,fg_968,http://fieldguides.fieldmuseum.org/guides/guide/968,Plants of Cerro Teligote,Plantas del Cerro Teligote,32717,638bb365-10d2-433e-b406-9d6ff307e9d2
Ecuador,Cofán Bermejo,111,fg_111,http://fieldguides.fieldmuseum.org/guides/guide/111,"Climbers, Herbs, and Epiphytes of the Serranías Cofán","Trepadoras, Hierbas y Epífitas de las Serranías Cofan",555592962,00fe1bd5-4697-4f28-9b64-fce6ba3c08cc
Ecuador,Cofán Bermejo,109,fg_109,http://fieldguides.fieldmuseum.org/guides/guide/109,Palms of the Serranías Cofán,Palmas de las Serranías Cofan,555592962,00fe1bd5-4697-4f28-9b64-fce6ba3c08cc
Ecuador,Cofán Bermejo,89,fg_89,http://fieldguides.fieldmuseum.org/guides/guide/89,Rare Plants of the Serranías Cofán,Plantas Raras de las Serranías Cofan,555592962,00fe1bd5-4697-4f28-9b64-fce6ba3c08cc
Ecuador,Cofán Bermejo,110,fg_110,http://fieldguides.fieldmuseum.org/guides/guide/110,Trees and Shrubs of the Serranías Cofán,Árboles y Arbustos de las Serranías Cofan,555592962,00fe1bd5-4697-4f28-9b64-fce6ba3c08cc
Ecuador,Colonso Chalupas,679,fg_679,http://fieldguides.fieldmuseum.org/guides/guide/679,Birds of the Bosque Protector Colonso,Aves del Bosque Protector Colonso,555593903,81ca18d1-7e48-41e0-830b-87814faa8043
Ecuador,Cotacachi Cayapas,914,fg_914,http://fieldguides.fieldmuseum.org/guides/guide/914,Common Plants of Cuicocha Lagoon,Plantas de la Laguna Cuicocha,184,7e3f7cb0-f7f5-4a40-9a18-6b0e0ece32df
Ecuador,Cotacachi Cayapas,826,fg_826,http://fieldguides.fieldmuseum.org/guides/guide/826,Mammals of Cotacachi-Cayapas Ecological Reserve,Mamíferos de la Reserva Ecológica Cotacachi-Cayapas,184,7e3f7cb0-f7f5-4a40-9a18-6b0e0ece32df
Ecuador,Cotacachi Cayapas,657,fg_657,http://fieldguides.fieldmuseum.org/guides/guide/657,"Plants of Cotacachi-Cayapas, Laguna Cuicocha",Plantas Comunes de la Laguna de Cuicocha,184,7e3f7cb0-f7f5-4a40-9a18-6b0e0ece32df
Ecuador,Cotopaxi,67,fg_67,http://fieldguides.fieldmuseum.org/guides/guide/67,Conspicuous Plants of Volcán Cotopaxi,Plantas Llamativas del Parque Cotopaxi,190,049074f1-88ea-44f9-b379-557acc4ef817
Ecuador,Cuyabeno,581,fg_581,http://fieldguides.fieldmuseum.org/guides/guide/581,"Birds, Mammals, and Reptiles of Orellana Subject to Trafficking","Aves, Mamíferos y Reptiles Sujetos al Tráfico Ilegal en Orellana",2499,e4bfe83c-f0d6-4c39-b1f3-4ef1ac9de55d
Ecuador,Cuyabeno,4,fg_4,http://fieldguides.fieldmuseum.org/guides/guide/4,Cofán Handicrafts of Zábalo,Artesanías de Zábalo de los Cofan,2499,e4bfe83c-f0d6-4c39-b1f3-4ef1ac9de55d
Ecuador,Cuyabeno,3,fg_3,http://fieldguides.fieldmuseum.org/guides/guide/3,Conspicuous Plants of Zábalo,Plantas Llamativas de Zábalo de los Cofan,2499,e4bfe83c-f0d6-4c39-b1f3-4ef1ac9de55d
Ecuador,Cuyabeno,5,fg_5,http://fieldguides.fieldmuseum.org/guides/guide/5,Palms of Zábalo,Palmas de Zábalo de los Cofan,2499,e4bfe83c-f0d6-4c39-b1f3-4ef1ac9de55d
Ecuador,Cuyabeno,52,fg_52,http://fieldguides.fieldmuseum.org/guides/guide/52,Useful Plants of Zábalo,Plantas Útiles de Zábalo de los Cofan,2499,e4bfe83c-f0d6-4c39-b1f3-4ef1ac9de55d
Ecuador,El Ángel,70,fg_70,http://fieldguides.fieldmuseum.org/guides/guide/70,Conspicuous Plants of Reserva El Angel,Plantas Llamativas de la Reserva de El Ángel,67623,1f15e9af-6180-43bd-8cae-8f7dc26c4f10
Ecuador,El Ángel,573,fg_573,http://fieldguides.fieldmuseum.org/guides/guide/573,Small Mammals of Reserva El Ángel,Pequeños Mamíferos de la Reserva El Ángel,67623,1f15e9af-6180-43bd-8cae-8f7dc26c4f10
Ecuador,El Pambilar,848,fg_848,http://fieldguides.fieldmuseum.org/guides/guide/848,Mammals of El Pambilar Wildlife Refuge,Mamíferos del Refúgio El Pambilar,555592948,a1ad64f3-16c9-410e-9ffc-8dffe9513317
Ecuador,El Zarza,403,fg_403,http://fieldguides.fieldmuseum.org/guides/guide/403,Mammals of Southern Ecuador,Mamíferos del Sur de Ecuador,555592956,199d12d6-ba20-4a0b-ae90-e2e89f1f2bcc
Ecuador,Isla Santay,913,fg_913,http://fieldguides.fieldmuseum.org/guides/guide/913,Amphibians of Santay Island,Anfibios de la Isla Santay,555592949,371e10d2-9d94-4786-b871-50544e0e1886
Ecuador,Llanganates,634,fg_634,http://fieldguides.fieldmuseum.org/guides/guide/634,Common Orthoptera of Pastaza,Orthoptera Comunes de Pastaza,97512,4ed33eca-5ce4-4620-b4ac-e7f1a71d027b
Ecuador,Llanganates,690,fg_690,http://fieldguides.fieldmuseum.org/guides/guide/690,Gesneriaceae of the Río Anzu Reserve,Gesneriaceae de la Reserva Río Anzu,97512,4ed33eca-5ce4-4620-b4ac-e7f1a71d027b
Ecuador,Llanganates,879,fg_879,http://fieldguides.fieldmuseum.org/guides/guide/879,Herpetofauna of the Fatima Agroecological Scientific Station,Herpetofauna de la Estación Científica Agroecológica Fátima,97512,4ed33eca-5ce4-4620-b4ac-e7f1a71d027b
Ecuador,Llanganates,968,fg_968,http://fieldguides.fieldmuseum.org/guides/guide/968,Plants of Cerro Teligote,Plantas del Cerro Teligote,97512,4ed33eca-5ce4-4620-b4ac-e7f1a71d027b
Ecuador,Machalilla,788,fg_788,http://fieldguides.fieldmuseum.org/guides/guide/788,Mammals of Machalilla National Park,Mamíferos del Parque Nacional Machalilla,189,3588c68f-9d3e-47be-8389-626623472729
Ecuador,Mache Chindul,692,fg_692,http://fieldguides.fieldmuseum.org/guides/guide/692,Gesneriaceae of the Mache-Chindul Ecological Reserve,Gesneriaceae de la Reserva Ecológica Mache-Chindul,129915,a02c9a83-8055-4a2a-b9ed-eb111fbcbf43
Ecuador,Mache Chindul,816,fg_816,http://fieldguides.fieldmuseum.org/guides/guide/816,Mammals of Mache-Chindul Ecological Reserve,Mamíferos de la Reserva Ecológica Mache-Chindul,129915,a02c9a83-8055-4a2a-b9ed-eb111fbcbf43
Ecuador,Manglares Churute,125,fg_125,http://fieldguides.fieldmuseum.org/guides/guide/125,Common Plants of the Churute Mangroves,Plantas Comunes de la Reserva de Churute,2238,4a8ac036-631b-4092-9c5b-78c8ac544521
Ecuador,Pacoche,789,fg_789,http://fieldguides.fieldmuseum.org/guides/guide/789,Mammals of Pacoche Wildlife Refuge,Mamíferos del Refugio Silvestre y Marino Pacoche,555592952,11804ae5-47cc-4abb-bf54-f649d445298e
Ecuador,Pasochoa,65,fg_65,http://fieldguides.fieldmuseum.org/guides/guide/65,Conspicuous Plants of Refugio Pasochoa,Plantas Llamativas del Refugio Pasochoa,166798,59b5a610-740c-41ad-affb-ef4653f1cc54
Ecuador,Pasochoa,66,fg_66,http://fieldguides.fieldmuseum.org/guides/guide/66,More Plants of Refugio Pasochoa,Más Plantas del Refugio Pasochoa,166798,59b5a610-740c-41ad-affb-ef4653f1cc54
Ecuador,Podocarpus,983,fg_983,http://fieldguides.fieldmuseum.org/guides/guide/983,Amphibians and Reptiles of the Quimi River,Anfibios y Reptiles del Valle del Río Quimi,7912,573dc859-4ff0-4a14-9ab6-231daa7da166
Ecuador,Podocarpus,629,fg_629,http://fieldguides.fieldmuseum.org/guides/guide/629,Araceae of Estación San Francisco,Araceae de la Estación San Francisco,7912,573dc859-4ff0-4a14-9ab6-231daa7da166
Ecuador,Podocarpus,585,fg_585,http://fieldguides.fieldmuseum.org/guides/guide/585,Butterflies of Copalinga Ecolodge,Mariposas de Copalinga,7912,573dc859-4ff0-4a14-9ab6-231daa7da166
Ecuador,Podocarpus,68,fg_68,http://fieldguides.fieldmuseum.org/guides/guide/68,"Conspicuous Plants of Cajanuma, Podocarpus","Plantas Llamativas de Cajanuma, Parque Podocarpus",7912,573dc859-4ff0-4a14-9ab6-231daa7da166
Ecuador,Podocarpus,69,fg_69,http://fieldguides.fieldmuseum.org/guides/guide/69,"Conspicuous Plants of the San Francisco River, Podocarpus National Park","Plantas Llamativas del Río San Francisco, Parque Podocarpus",7912,573dc859-4ff0-4a14-9ab6-231daa7da166
Ecuador,Podocarpus,440,fg_440,http://fieldguides.fieldmuseum.org/guides/guide/440,Epiphytic Ferns and Allies of Podocarpus Biosphere Reserve,Helechos Epífitos y Aliados de la Reserva de la Biósfera Podocarpus,7912,573dc859-4ff0-4a14-9ab6-231daa7da166
Ecuador,Podocarpus,630,fg_630,http://fieldguides.fieldmuseum.org/guides/guide/630,Ericaceae of Estación San Francisco,Ericaceae de la Estación San Francisco,7912,573dc859-4ff0-4a14-9ab6-231daa7da166
Ecuador,Podocarpus,691,fg_691,http://fieldguides.fieldmuseum.org/guides/guide/691,Gesneriaceae of the Tapichalaca Biological Reserve,Gesneriaceae de la Reserva Biológica Tapichalaca,7912,573dc859-4ff0-4a14-9ab6-231daa7da166
Ecuador,Podocarpus,920,fg_920,http://fieldguides.fieldmuseum.org/guides/guide/920,Lepidoptera of the Santa Gertrudis farm and its Conservation Area,Lepidópteros de la Finca Santa Gertrudis y su Área de Conservación,7912,573dc859-4ff0-4a14-9ab6-231daa7da166
Ecuador,Podocarpus,403,fg_403,http://fieldguides.fieldmuseum.org/guides/guide/403,Mammals of Southern Ecuador,Mamíferos del Sur de Ecuador,7912,573dc859-4ff0-4a14-9ab6-231daa7da166
Ecuador,Podocarpus,158,fg_158,http://fieldguides.fieldmuseum.org/guides/guide/158,Montane Landslides and Pioneer Flora of Podocarpus National Park,Flora Pionera del Parque Podocarpus,7912,573dc859-4ff0-4a14-9ab6-231daa7da166
Ecuador,Pululahua,856,fg_856,http://fieldguides.fieldmuseum.org/guides/guide/856,Common Flowers of Pululahua,Flores Comunes de la Reserva Geobotánica Pululahua,168274,140ebba9-1874-46eb-8181-928f7294e117
Ecuador,Pululahua,126,fg_126,http://fieldguides.fieldmuseum.org/guides/guide/126,Common Plants of Pululahua,Plantas Comunes de Pululahua,168274,140ebba9-1874-46eb-8181-928f7294e117
Ecuador,Pululahua,7,fg_7,http://fieldguides.fieldmuseum.org/guides/guide/7,Conspicuous Plants of Maquipucuna,Plantas Llamativas de Maquipucuna,168274,140ebba9-1874-46eb-8181-928f7294e117
Ecuador,Pululahua,72,fg_72,http://fieldguides.fieldmuseum.org/guides/guide/72,More Plants of Maquipucuna,Más Plantas de Maquipucuna,168274,140ebba9-1874-46eb-8181-928f7294e117
Ecuador,Pululahua,166,fg_166,http://fieldguides.fieldmuseum.org/guides/guide/166,Orchids of Maquipucuna,Orquídeas de Maquipucuna,168274,140ebba9-1874-46eb-8181-928f7294e117
Ecuador,Sangay,502,fg_502,http://fieldguides.fieldmuseum.org/guides/guide/502,Amphibians y Reptiles of Sangay National Park,Anfibios y Reptiles del Parque Sangay,188,3fff2884-9167-40af-abc7-5c0cd26bdc81
Ecuador,Sangay,690,fg_690,http://fieldguides.fieldmuseum.org/guides/guide/690,Gesneriaceae of the Río Anzu Reserve,Gesneriaceae de la Reserva Río Anzu,188,3fff2884-9167-40af-abc7-5c0cd26bdc81
Ecuador,Sangay,879,fg_879,http://fieldguides.fieldmuseum.org/guides/guide/879,Herpetofauna of the Fatima Agroecological Scientific Station,Herpetofauna de la Estación Científica Agroecológica Fátima,188,3fff2884-9167-40af-abc7-5c0cd26bdc81
Ecuador,Sangay,968,fg_968,http://fieldguides.fieldmuseum.org/guides/guide/968,Plants of Cerro Teligote,Plantas del Cerro Teligote,188,3fff2884-9167-40af-abc7-5c0cd26bdc81
Ecuador,Sumaco Napo-Galeras,581,fg_581,http://fieldguides.fieldmuseum.org/guides/guide/581,"Birds, Mammals, and Reptiles of Orellana Subject to Trafficking","Aves, Mamíferos y Reptiles Sujetos al Tráfico Ilegal en Orellana",81072,c506742a-0b0f-4a3f-86fd-ea8a48c68232
Ecuador,Sumaco Napo-Galeras,823,fg_823,http://fieldguides.fieldmuseum.org/guides/guide/823,Mammals of the Tropi-Andino Conservation Corridor (Sucumbíos),Mamíferos del Corredor de Conectividad Tropi-Andino (Sucumbíos),81072,c506742a-0b0f-4a3f-86fd-ea8a48c68232
Ecuador,Sumaco Napo-Galeras,535,fg_535,http://fieldguides.fieldmuseum.org/guides/guide/535,Plants of Volcán Sumaco,Plantas del Volcán Sumaco,81072,c506742a-0b0f-4a3f-86fd-ea8a48c68232
Ecuador,Yacuri,403,fg_403,http://fieldguides.fieldmuseum.org/guides/guide/403,Mammals of Southern Ecuador,Mamíferos del Sur de Ecuador,555592950,c34ef029-5042-4d4e-89ef-9ef6a63304a3
Ecuador,Yasuní,455,fg_455,http://fieldguides.fieldmuseum.org/guides/guide/455,Birds of Yasuní Scientific Station,Aves de la Estación Científica Yasuní,186,e479fdc8-0baa-40a5-9d11-fd542a6c9e0a
Ecuador,Yasuní,581,fg_581,http://fieldguides.fieldmuseum.org/guides/guide/581,"Birds, Mammals, and Reptiles of Orellana Subject to Trafficking","Aves, Mamíferos y Reptiles Sujetos al Tráfico Ilegal en Orellana",186,e479fdc8-0baa-40a5-9d11-fd542a6c9e0a
Ecuador,Yasuní,408,fg_408,http://fieldguides.fieldmuseum.org/guides/guide/408,Cecropia of Yasuní,Especies de Cecropia en Yasuní,186,e479fdc8-0baa-40a5-9d11-fd542a6c9e0a
Ecuador,Yasuní,159,fg_159,http://fieldguides.fieldmuseum.org/guides/guide/159,Common Epiphytes of Yasuní,Epífitas Comunes del Yasuní,186,e479fdc8-0baa-40a5-9d11-fd542a6c9e0a
Ecuador,Yasuní,811,fg_811,http://fieldguides.fieldmuseum.org/guides/guide/811,Common Fishes of the Napo River,Peces Comunes del Río Napo,186,e479fdc8-0baa-40a5-9d11-fd542a6c9e0a
Ecuador,Yasuní,10,fg_10,http://fieldguides.fieldmuseum.org/guides/guide/10,Common Lianas of Yasuní,Lianas Comunes del Yasuní,186,e479fdc8-0baa-40a5-9d11-fd542a6c9e0a
Ecuador,Yasuní,634,fg_634,http://fieldguides.fieldmuseum.org/guides/guide/634,Common Orthoptera of Pastaza,Orthoptera Comunes de Pastaza,186,e479fdc8-0baa-40a5-9d11-fd542a6c9e0a
Ecuador,Yasuní,71,fg_71,http://fieldguides.fieldmuseum.org/guides/guide/71,Conspicuous Plants of Yasuní,Plantas Llamativas del Yasuní,186,e479fdc8-0baa-40a5-9d11-fd542a6c9e0a
Ecuador,Yasuní,430,fg_430,http://fieldguides.fieldmuseum.org/guides/guide/430,Diurnal Primates of the Tiputini Biodiversity Station,Primates Diurnos de la Estación de Biodiversidad Tiputini,186,e479fdc8-0baa-40a5-9d11-fd542a6c9e0a
Ecuador,Yasuní,984,fg_984,http://fieldguides.fieldmuseum.org/guides/guide/984,Emblematic Trees of Yasuní National Park,Arboles Emblemáticos del Parque Nacional Yasuní,186,e479fdc8-0baa-40a5-9d11-fd542a6c9e0a
Ecuador,Yasuní,407,fg_407,http://fieldguides.fieldmuseum.org/guides/guide/407,Large Fruits and Seeds of Yasuní,Frutos y Semillas Grandes de Yasuní,186,e479fdc8-0baa-40a5-9d11-fd542a6c9e0a
Ecuador,Yasuní,904,fg_904,http://fieldguides.fieldmuseum.org/guides/guide/904,Mammals of Tiputini Biodiversity Station,Mamíferos de la Estación de Biodiversidad Tiputini,186,e479fdc8-0baa-40a5-9d11-fd542a6c9e0a
Ecuador,Yasuní,57,fg_57,http://fieldguides.fieldmuseum.org/guides/guide/57,Palms of Yasuní,Palmas del Yasuní,186,e479fdc8-0baa-40a5-9d11-fd542a6c9e0a
Peru,Airo Pai,262,fg_262,http://fieldguides.fieldmuseum.org/guides/guide/262,Amphibians and Reptiles of Loreto,Anfibios y Reptiles de Loreto,555555618,45dd0268-baf4-4ab0-9881-6c511cddea95
Peru,Airo Pai,583,fg_583,http://fieldguides.fieldmuseum.org/guides/guide/583,"Fishes of the Ere, Campuya, and Algodón Rivers","Peces de los Ríos Ere, Campuya y Algodón",555555618,45dd0268-baf4-4ab0-9881-6c511cddea95
Peru,Airo Pai,508,fg_508,http://fieldguides.fieldmuseum.org/guides/guide/508,Medicinal Plants of Ere-Campuya,Plantas Medicinales de Ere-Campuya,555555618,45dd0268-baf4-4ab0-9881-6c511cddea95
Peru,Airo Pai,504,fg_504,http://fieldguides.fieldmuseum.org/guides/guide/504,"Plants of the Ere, Campuya and Algodón Rivers","Plantas de los Ríos Ere, Campuya y Algodón",555555618,45dd0268-baf4-4ab0-9881-6c511cddea95
Peru,Allpahuayo Mishana,262,fg_262,http://fieldguides.fieldmuseum.org/guides/guide/262,Amphibians and Reptiles of Loreto,Anfibios y Reptiles de Loreto,168276,d65e7f70-a417-405c-b538-df937fe9552e
Peru,Allpahuayo Mishana,176,fg_176,http://fieldguides.fieldmuseum.org/guides/guide/176,Burseraceae of Allpahuayo-Mishana,Burseraceae de Allpahuayo-Mishana,168276,d65e7f70-a417-405c-b538-df937fe9552e
Peru,Allpahuayo Mishana,128,fg_128,http://fieldguides.fieldmuseum.org/guides/guide/128,"Climbers, Herbs and Epiphytes of Allpahuayo-Mishana","Trepadoras, Hierbas y Epífitas de Allpahuayo-Mishana",168276,d65e7f70-a417-405c-b538-df937fe9552e
Peru,Allpahuayo Mishana,118,fg_118,http://fieldguides.fieldmuseum.org/guides/guide/118,Conspicuous Plants of Allpahuayo-Mishana,Plantas Llamativas de Allpahuayo-Mishana,168276,d65e7f70-a417-405c-b538-df937fe9552e
Peru,Allpahuayo Mishana,635,fg_635,http://fieldguides.fieldmuseum.org/guides/guide/635,Fruits Eaten by Squirrel Monkeys in Loreto,Frutos Consumidos por Saimiri sciureus en Loreto,168276,d65e7f70-a417-405c-b538-df937fe9552e
Peru,Allpahuayo Mishana,209,fg_209,http://fieldguides.fieldmuseum.org/guides/guide/209,Mushrooms of Allpahuayo-Mishana,Hongos de Allpahuayo-Mishana,168276,d65e7f70-a417-405c-b538-df937fe9552e
Peru,Allpahuayo Mishana,119,fg_119,http://fieldguides.fieldmuseum.org/guides/guide/119,Palms of Allpahuayo-Mishana,Palmas de Allpahuayo-Mishana,168276,d65e7f70-a417-405c-b538-df937fe9552e
Peru,Allpahuayo Mishana,120,fg_120,http://fieldguides.fieldmuseum.org/guides/guide/120,Trees and Shrubs of Allpahuayo-Mishana,Árboles y Arbustos de Allpahuayo-Mishana,168276,d65e7f70-a417-405c-b538-df937fe9552e
Peru,Alto Mayo,695,fg_695,http://fieldguides.fieldmuseum.org/guides/guide/695,"Birds of Almendra, Mishquiyacu, and Rumiyacu","Aves de Almendra, Mishquiyacu y Rumiyacu",20183,dc2f0319-2b22-450a-92b0-ae67a450e2d3
Peru,Alto Mayo,468,fg_468,http://fieldguides.fieldmuseum.org/guides/guide/468,Gesneriaceae of Alto Mayo,Gesneriaceae de Alto Mayo,20183,dc2f0319-2b22-450a-92b0-ae67a450e2d3
Peru,Alto Nanay- Pintuyacu Chambira,262,fg_262,http://fieldguides.fieldmuseum.org/guides/guide/262,Amphibians and Reptiles of Loreto,Anfibios y Reptiles de Loreto,555555657,366ed936-52c7-4455-9bf7-241f65065226
Peru,Alto Nanay- Pintuyacu Chambira,129,fg_129,http://fieldguides.fieldmuseum.org/guides/guide/129,Common Plants of the Río Nanay,Plantas Comunes de la Tahuampa del Río Nanay,555555657,366ed936-52c7-4455-9bf7-241f65065226
Peru,Alto Purús,740,fg_740,http://fieldguides.fieldmuseum.org/guides/guide/740,Amphibians of Cocha Cashu Biological Station,Anfibios de la Estación Biológica Cocha Cashu,303316,72f6364d-872e-46a4-96cf-8f9b400e450f
Peru,Alto Purús,256,fg_256,http://fieldguides.fieldmuseum.org/guides/guide/256,Ant Birds of Peru and Bolivia,Pájaros Hormigueros del Perú y Bolivia,303316,72f6364d-872e-46a4-96cf-8f9b400e450f
Peru,Alto Purús,886,fg_886,http://fieldguides.fieldmuseum.org/guides/guide/886,Bats of Cocha Cashu Biological Station,Murciélagos de la Estación Biológica Cocha Cashu,303316,72f6364d-872e-46a4-96cf-8f9b400e450f
Peru,Alto Purús,413,fg_413,http://fieldguides.fieldmuseum.org/guides/guide/413,Dung Beetles of Cocha Cashu Biological Station,Escarabajos Coprófagos de Cocha Cashu,303316,72f6364d-872e-46a4-96cf-8f9b400e450f
Peru,Alto Purús,205,fg_205,http://fieldguides.fieldmuseum.org/guides/guide/205,Fish of Cocha Cashu,Peces de Cocha Cashu,303316,72f6364d-872e-46a4-96cf-8f9b400e450f
Peru,Alto Purús,241,fg_241,http://fieldguides.fieldmuseum.org/guides/guide/241,Fruits of Cocha Cashu,Frutos de Cocha Cashu,303316,72f6364d-872e-46a4-96cf-8f9b400e450f
Peru,Alto Purús,525,fg_525,http://fieldguides.fieldmuseum.org/guides/guide/525,Fungi of Cocha Cashu,Hongos de Cocha Cashu,303316,72f6364d-872e-46a4-96cf-8f9b400e450f
Peru,Alto Purús,230,fg_230,http://fieldguides.fieldmuseum.org/guides/guide/230,Hummingbirds of Madre de Dios,Colibríes de Madre de Dios,303316,72f6364d-872e-46a4-96cf-8f9b400e450f
Peru,Alto Purús,231,fg_231,http://fieldguides.fieldmuseum.org/guides/guide/231,Large Mammals of Loreto,Mamíferos Grandes de Madre de Dios,303316,72f6364d-872e-46a4-96cf-8f9b400e450f
Peru,Alto Purús,194,fg_194,http://fieldguides.fieldmuseum.org/guides/guide/194,Reptiles of Madre de Dios,Reptiles de Madre de Dios,303316,72f6364d-872e-46a4-96cf-8f9b400e450f
Peru,Alto Purús,194,fg_194,http://fieldguides.fieldmuseum.org/guides/guide/194,Reptiles of Madre de Dios,Reptiles de Madre de Dios,303316,72f6364d-872e-46a4-96cf-8f9b400e450f
Peru,Alto Purús,243,fg_243,http://fieldguides.fieldmuseum.org/guides/guide/243,Seedlings of Cocha Cashu,Plántulas de Cocha Cashu,303316,72f6364d-872e-46a4-96cf-8f9b400e450f
Peru,Alto Purús,242,fg_242,http://fieldguides.fieldmuseum.org/guides/guide/242,Seeds of Cocha Cashu,Semillas de Cocha Cashu,303316,72f6364d-872e-46a4-96cf-8f9b400e450f
Peru,Alto Purús,280,fg_280,http://fieldguides.fieldmuseum.org/guides/guide/280,Vochysiaceae of Southeastern Peru,Vochysiaceae del Sureste del Perú,303316,72f6364d-872e-46a4-96cf-8f9b400e450f
Peru,Amarakaeri,766,fg_766,http://fieldguides.fieldmuseum.org/guides/guide/766,Amphibians and Reptiles of the Amarakaeri Communal Reserve,Anfibios y Reptiles de la Reserva Comunal Amarakaeri,303317,79853018-37d1-4c30-865d-a3499db6c3f9
Peru,Amarakaeri,645,fg_645,http://fieldguides.fieldmuseum.org/guides/guide/645,Amphibians of Manu Learning Centre,Anfibios de Manu Learning Centre,303317,79853018-37d1-4c30-865d-a3499db6c3f9
Peru,Amarakaeri,256,fg_256,http://fieldguides.fieldmuseum.org/guides/guide/256,Ant Birds of Peru and Bolivia,Pájaros Hormigueros del Perú y Bolivia,303317,79853018-37d1-4c30-865d-a3499db6c3f9
Peru,Amarakaeri,760,fg_760,http://fieldguides.fieldmuseum.org/guides/guide/760,Birds of the Amarakaeri Communal Reserve,Aves de la Reserva Comunal Amarakaeri,303317,79853018-37d1-4c30-865d-a3499db6c3f9
Peru,Amarakaeri,779,fg_779,http://fieldguides.fieldmuseum.org/guides/guide/779,Conspicuous Plants of the Amarakaeri Communal Reserve,Plantas Llamativas de la Reserva Amarakaeri,303317,79853018-37d1-4c30-865d-a3499db6c3f9
Peru,Amarakaeri,778,fg_778,http://fieldguides.fieldmuseum.org/guides/guide/778,Dung Beetles (Scarabaeinae) of the Amarakaeri Communal Reserve,Escarabajos (Scarabaeinae) de la Reserva Comunal Amarakaeri,303317,79853018-37d1-4c30-865d-a3499db6c3f9
Peru,Amarakaeri,685,fg_685,http://fieldguides.fieldmuseum.org/guides/guide/685,"Epidendrum (Orchidaceae) of Cusco, Madre de Dios, and Puno","Epidendrum (Orchidaceae) de Cusco, Madre de Dios y Puno",303317,79853018-37d1-4c30-865d-a3499db6c3f9
Peru,Amarakaeri,759,fg_759,http://fieldguides.fieldmuseum.org/guides/guide/759,Foods Eaten by Woolly Monkeys in Madre de Dios,Plantas Consumidas por los Monos Choro (Lagothrix cana) en Madre de Dios,303317,79853018-37d1-4c30-865d-a3499db6c3f9
Peru,Amarakaeri,580,fg_580,http://fieldguides.fieldmuseum.org/guides/guide/580,Herpetofauna of Manu Wildlife Center,Herpetofauna de Manu Wildlife Center,303317,79853018-37d1-4c30-865d-a3499db6c3f9
Peru,Amarakaeri,230,fg_230,http://fieldguides.fieldmuseum.org/guides/guide/230,Hummingbirds of Madre de Dios,Colibríes de Madre de Dios,303317,79853018-37d1-4c30-865d-a3499db6c3f9
Peru,Amarakaeri,231,fg_231,http://fieldguides.fieldmuseum.org/guides/guide/231,Large Mammals of Loreto,Mamíferos Grandes de Madre de Dios,303317,79853018-37d1-4c30-865d-a3499db6c3f9
Peru,Amarakaeri,752,fg_752,http://fieldguides.fieldmuseum.org/guides/guide/752,Mammals of the Amarakaeri Communal Reserve,Mamíferos de la Reserva Comunal Amarakaeri,303317,79853018-37d1-4c30-865d-a3499db6c3f9
Peru,Amarakaeri,542,fg_542,http://fieldguides.fieldmuseum.org/guides/guide/542,Orchids of Amarakaeri Communal Reserve,Orquídeas de Amarakaeri,303317,79853018-37d1-4c30-865d-a3499db6c3f9
Peru,Amarakaeri,194,fg_194,http://fieldguides.fieldmuseum.org/guides/guide/194,Reptiles of Madre de Dios,Reptiles de Madre de Dios,303317,79853018-37d1-4c30-865d-a3499db6c3f9
Peru,Amarakaeri,194,fg_194,http://fieldguides.fieldmuseum.org/guides/guide/194,Reptiles of Madre de Dios,Reptiles de Madre de Dios,303317,79853018-37d1-4c30-865d-a3499db6c3f9
Peru,Amarakaeri,644,fg_644,http://fieldguides.fieldmuseum.org/guides/guide/644,Reptiles of Manu Learning Centre,Reptiles de Manu Learning Centre,303317,79853018-37d1-4c30-865d-a3499db6c3f9
Peru,Amarakaeri,280,fg_280,http://fieldguides.fieldmuseum.org/guides/guide/280,Vochysiaceae of Southeastern Peru,Vochysiaceae del Sureste del Perú,303317,79853018-37d1-4c30-865d-a3499db6c3f9
Peru,Ampiyacu Apayacu,262,fg_262,http://fieldguides.fieldmuseum.org/guides/guide/262,Amphibians and Reptiles of Loreto,Anfibios y Reptiles de Loreto,555555624,d3152ca2-fd88-4258-b24c-c0500ff3cea5
Peru,Ampiyacu Apayacu,751,fg_751,http://fieldguides.fieldmuseum.org/guides/guide/751,Amphibians and Reptiles of the Algodón River,Anfibios y Reptiles del Río Algodón,555555624,d3152ca2-fd88-4258-b24c-c0500ff3cea5
Peru,Ampiyacu Apayacu,862,fg_862,http://fieldguides.fieldmuseum.org/guides/guide/862,Common Plants of the Putumayo-Algodón,Plantas Comunes del Medio Putumayo-Algodón,555555624,d3152ca2-fd88-4258-b24c-c0500ff3cea5
Peru,Bahuaja Sonene,256,fg_256,http://fieldguides.fieldmuseum.org/guides/guide/256,Ant Birds of Peru and Bolivia,Pájaros Hormigueros del Perú y Bolivia,127825,9cb276f0-2535-470a-ab67-49454e3c4efa
Peru,Bahuaja Sonene,685,fg_685,http://fieldguides.fieldmuseum.org/guides/guide/685,"Epidendrum (Orchidaceae) of Cusco, Madre de Dios, and Puno","Epidendrum (Orchidaceae) de Cusco, Madre de Dios y Puno",127825,9cb276f0-2535-470a-ab67-49454e3c4efa
Peru,Bahuaja Sonene,165,fg_165,http://fieldguides.fieldmuseum.org/guides/guide/165,Frogs and Toads of Tambopata,Ranas Comunes de Tambopata,127825,9cb276f0-2535-470a-ab67-49454e3c4efa
Peru,Bahuaja Sonene,230,fg_230,http://fieldguides.fieldmuseum.org/guides/guide/230,Hummingbirds of Madre de Dios,Colibríes de Madre de Dios,127825,9cb276f0-2535-470a-ab67-49454e3c4efa
Peru,Bahuaja Sonene,231,fg_231,http://fieldguides.fieldmuseum.org/guides/guide/231,Large Mammals of Loreto,Mamíferos Grandes de Madre de Dios,127825,9cb276f0-2535-470a-ab67-49454e3c4efa
Peru,Bahuaja Sonene,194,fg_194,http://fieldguides.fieldmuseum.org/guides/guide/194,Reptiles of Madre de Dios,Reptiles de Madre de Dios,127825,9cb276f0-2535-470a-ab67-49454e3c4efa
Peru,Bahuaja Sonene,194,fg_194,http://fieldguides.fieldmuseum.org/guides/guide/194,Reptiles of Madre de Dios,Reptiles de Madre de Dios,127825,9cb276f0-2535-470a-ab67-49454e3c4efa
Peru,Bahuaja Sonene,280,fg_280,http://fieldguides.fieldmuseum.org/guides/guide/280,Vochysiaceae of Southeastern Peru,Vochysiaceae del Sureste del Perú,127825,9cb276f0-2535-470a-ab67-49454e3c4efa
Peru,Bosques Nublados de Udima Sector Centro,763,fg_763,http://fieldguides.fieldmuseum.org/guides/guide/763,"Birds of Chugur, Hualgayoc District","Aves del Distrito de Chugur, Hualgayoc",555544103,e437d1bb-0569-49b9-be98-709bba708598
Peru,Chancaybaños,763,fg_763,http://fieldguides.fieldmuseum.org/guides/guide/763,"Birds of Chugur, Hualgayoc District","Aves del Distrito de Chugur, Hualgayoc",168278,75ba9606-7c87-4a7b-ab4f-fd9f0099edff
Peru,Choquequirao,98,fg_98,http://fieldguides.fieldmuseum.org/guides/guide/98,Conspicuous Plants of Machu Picchu,Plantas Llamativas de Machu Picchu,555555625,032c8d8d-23a6-46b9-84fd-1be45d16f18d
Peru,Choquequirao,685,fg_685,http://fieldguides.fieldmuseum.org/guides/guide/685,"Epidendrum (Orchidaceae) of Cusco, Madre de Dios, and Puno","Epidendrum (Orchidaceae) de Cusco, Madre de Dios y Puno",555555625,032c8d8d-23a6-46b9-84fd-1be45d16f18d
Peru,Choquequirao,238,fg_238,http://fieldguides.fieldmuseum.org/guides/guide/238,Ericaceae of Machu Picchu,Ericaceae de Machu Picchu,555555625,032c8d8d-23a6-46b9-84fd-1be45d16f18d
Peru,Choquequirao,181,fg_181,http://fieldguides.fieldmuseum.org/guides/guide/181,Orchids of Machu Picchu,Orquídeas de Machu Picchu,555555625,032c8d8d-23a6-46b9-84fd-1be45d16f18d
Peru,Comunal Tamshiyacu Tahuayo,262,fg_262,http://fieldguides.fieldmuseum.org/guides/guide/262,Amphibians and Reptiles of Loreto,Anfibios y Reptiles de Loreto,555555621,ba48fb2c-1ee6-47b4-bd3b-cfc06c98cd71
Peru,Cordillera Azul,262,fg_262,http://fieldguides.fieldmuseum.org/guides/guide/262,Amphibians and Reptiles of Loreto,Anfibios y Reptiles de Loreto,303320,9aace4cb-d871-4e80-8761-6f6a9982104b
Peru,Cordillera Azul,596,fg_596,http://fieldguides.fieldmuseum.org/guides/guide/596,Amphibians of Cordillera Azul National Park,Anfibios del Parque Nacional Cordillera Azul,303320,9aace4cb-d871-4e80-8761-6f6a9982104b
Peru,Cordillera Azul,106,fg_106,http://fieldguides.fieldmuseum.org/guides/guide/106,Climbers and Epiphytes of Cordillera Azul,Trepadoras y Epífitas de la Cordillera Azul,303320,9aace4cb-d871-4e80-8761-6f6a9982104b
Peru,Cordillera Azul,359,fg_359,http://fieldguides.fieldmuseum.org/guides/guide/359,Common and Useful Woody Species of Ucayali,Árboles y Arbustos Útiles y Comunes de la Región Ucayali,303320,9aace4cb-d871-4e80-8761-6f6a9982104b
Peru,Cordillera Azul,164,fg_164,http://fieldguides.fieldmuseum.org/guides/guide/164,"Common Plants of Chambirillo, Cordillera Azul","Plantas Comunes de Chambirillo, Cordillera Azul",303320,9aace4cb-d871-4e80-8761-6f6a9982104b
Peru,Cordillera Azul,163,fg_163,http://fieldguides.fieldmuseum.org/guides/guide/163,"Conspicuous Plants of Chambirillo, Cordillera Azul","Plantas Llamativas de Chambirillo, Cordillera Azul",303320,9aace4cb-d871-4e80-8761-6f6a9982104b
Peru,Cordillera Azul,107,fg_107,http://fieldguides.fieldmuseum.org/guides/guide/107,Herbs of Cordillera Azul,Hierbas de la Cordillera Azul,303320,9aace4cb-d871-4e80-8761-6f6a9982104b
Peru,Cordillera Azul,78,fg_78,http://fieldguides.fieldmuseum.org/guides/guide/78,Palms of Cordillera Azul,Palmas de la Cordillera Azul,303320,9aace4cb-d871-4e80-8761-6f6a9982104b
Peru,Cordillera Azul,117,fg_117,http://fieldguides.fieldmuseum.org/guides/guide/117,Rare Plants and Landscapes of Cordillera Azul,Plantas Raras y Paisajes de la Cordillera Azul,303320,9aace4cb-d871-4e80-8761-6f6a9982104b
Peru,Cordillera Azul,77,fg_77,http://fieldguides.fieldmuseum.org/guides/guide/77,Trees and Shrubs of Cordillera Azul,Árboles y Arbustos de la Cordillera Azul,303320,9aace4cb-d871-4e80-8761-6f6a9982104b
Peru,Cordillera Azul,820,fg_820,http://fieldguides.fieldmuseum.org/guides/guide/820,Useful Palms of Ucayali,Palmeras Útiles,303320,9aace4cb-d871-4e80-8761-6f6a9982104b
Peru,Cordillera Escalera,571,fg_571,http://fieldguides.fieldmuseum.org/guides/guide/571,Common Plants of the Cordillera Escalera,Plantas Comunes de la Cordillera Escalera,555555619,9320ce4e-5888-4105-b22d-c6a90d5fc950
Peru,Cordillera Escalera,543,fg_543,http://fieldguides.fieldmuseum.org/guides/guide/543,Plantas Medicinales Shawi,Shawi Medicinal Plants,555555619,9320ce4e-5888-4105-b22d-c6a90d5fc950
Peru,de Calipuy,750,fg_750,http://fieldguides.fieldmuseum.org/guides/guide/750,Plants of the Cordillera Blanca,Plantas de la Cordillera Blanca,266,99b3e9f5-d64d-45ac-86ba-ad32ce6df35c
Peru,de Salinas y Aguada Blanca,55,fg_55,http://fieldguides.fieldmuseum.org/guides/guide/55,Conspicuous Plants of the Valle del Colca,Plantas Llamativas del Valle del Colca,2175,bd98166c-3d88-4d5b-b80b-a707f8cb8ac5
Peru,El Sira,809,fg_809,http://fieldguides.fieldmuseum.org/guides/guide/809,Amphibians of the Sira Communal Reserve,Anfibios de la Reserva Comunal Sira,303321,209cfc91-56a2-4f8a-a278-657c298ea53e
Peru,El Sira,359,fg_359,http://fieldguides.fieldmuseum.org/guides/guide/359,Common and Useful Woody Species of Ucayali,Árboles y Arbustos Útiles y Comunes de la Región Ucayali,303321,209cfc91-56a2-4f8a-a278-657c298ea53e
Peru,El Sira,496,fg_496,http://fieldguides.fieldmuseum.org/guides/guide/496,"Orthoptera of Leticia, Sira Communal Reserve","Ortópteros de Leticia, Reserva Comunal Sira",303321,209cfc91-56a2-4f8a-a278-657c298ea53e
Peru,El Sira,810,fg_810,http://fieldguides.fieldmuseum.org/guides/guide/810,Reptiles of the Sira Communal Reserve,Reptiles de la Reserva Comunal Sira,303321,209cfc91-56a2-4f8a-a278-657c298ea53e
Peru,El Sira,820,fg_820,http://fieldguides.fieldmuseum.org/guides/guide/820,Useful Palms of Ucayali,Palmeras Útiles de Ucayali,303321,209cfc91-56a2-4f8a-a278-657c298ea53e
Peru,Güeppí-Sekime,262,fg_262,http://fieldguides.fieldmuseum.org/guides/guide/262,Amphibians and Reptiles of Loreto,Anfibios y Reptiles de Loreto,555555616,dc1b515e-4d80-4786-95ef-4b350a008adb
Peru,Güeppí-Sekime,583,fg_583,http://fieldguides.fieldmuseum.org/guides/guide/583,"Fishes of the Ere, Campuya, and Algodón Rivers","Peces de los Ríos Ere, Campuya y Algodón",555555616,dc1b515e-4d80-4786-95ef-4b350a008adb
Peru,Güeppí-Sekime,508,fg_508,http://fieldguides.fieldmuseum.org/guides/guide/508,Medicinal Plants of Ere-Campuya,Plantas Medicinales de Ere-Campuya,555555616,dc1b515e-4d80-4786-95ef-4b350a008adb
Peru,Güeppí-Sekime,504,fg_504,http://fieldguides.fieldmuseum.org/guides/guide/504,"Plants of the Ere, Campuya and Algodón Rivers","Plantas de los Ríos Ere, Campuya y Algodón",555555616,dc1b515e-4d80-4786-95ef-4b350a008adb
Peru,Huascarán,750,fg_750,http://fieldguides.fieldmuseum.org/guides/guide/750,Plants of the Cordillera Blanca,Plantas de la Cordillera Blanca,258,615ad39a-ba70-4973-b0dd-bd763fa208bf
Peru,Huimeki,262,fg_262,http://fieldguides.fieldmuseum.org/guides/guide/262,Amphibians and Reptiles of Loreto,Anfibios y Reptiles de Loreto,555555617,fce8dc39-b7c1-4af9-8502-fa897121821f
Peru,Huimeki,583,fg_583,http://fieldguides.fieldmuseum.org/guides/guide/583,"Fishes of the Ere, Campuya, and Algodón Rivers","Peces de los Ríos Ere, Campuya y Algodón",555555617,fce8dc39-b7c1-4af9-8502-fa897121821f
Peru,Huimeki,508,fg_508,http://fieldguides.fieldmuseum.org/guides/guide/508,Medicinal Plants of Ere-Campuya,Plantas Medicinales de Ere-Campuya,555555617,fce8dc39-b7c1-4af9-8502-fa897121821f
Peru,Huimeki,504,fg_504,http://fieldguides.fieldmuseum.org/guides/guide/504,"Plants of the Ere, Campuya and Algodón Rivers","Plantas de los Ríos Ere, Campuya y Algodón",555555617,fce8dc39-b7c1-4af9-8502-fa897121821f
Peru,Imiria,359,fg_359,http://fieldguides.fieldmuseum.org/guides/guide/359,Common and Useful Woody Species of Ucayali,Árboles y Arbustos Útiles y Comunes de la Región Ucayali,555555623,7e6506d3-48d7-4a7b-8b6e-be8be8a50dad
Peru,Imiria,820,fg_820,http://fieldguides.fieldmuseum.org/guides/guide/820,Useful Palms of Ucayali,Palmeras Útiles,555555623,7e6506d3-48d7-4a7b-8b6e-be8be8a50dad
Peru,"Isla Ballestas Norte, Centro y Sur",175,fg_175,http://fieldguides.fieldmuseum.org/guides/guide/175,Birds of Islas Ballestas Birds and Lizards of Paracas,"Aves de las Islas Ballestas, Lagartijas de Paracas",555544091,33fbbcf5-0155-4842-b807-0d449bf7e5f9
Peru,Machupicchu,98,fg_98,http://fieldguides.fieldmuseum.org/guides/guide/98,Conspicuous Plants of Machu Picchu,Plantas Llamativas de Machu Picchu,262,28185dc9-85cb-4c0c-951f-06f8c9a6d39f
Peru,Machupicchu,685,fg_685,http://fieldguides.fieldmuseum.org/guides/guide/685,"Epidendrum (Orchidaceae) of Cusco, Madre de Dios, and Puno","Epidendrum (Orchidaceae) de Cusco, Madre de Dios y Puno",262,28185dc9-85cb-4c0c-951f-06f8c9a6d39f
Peru,Machupicchu,238,fg_238,http://fieldguides.fieldmuseum.org/guides/guide/238,Ericaceae of Machu Picchu,Ericaceae de Machu Picchu,262,28185dc9-85cb-4c0c-951f-06f8c9a6d39f
Peru,Machupicchu,181,fg_181,http://fieldguides.fieldmuseum.org/guides/guide/181,Orchids of Machu Picchu,Orquídeas de Machu Picchu,262,28185dc9-85cb-4c0c-951f-06f8c9a6d39f
Peru,Maijuna Kichwa,262,fg_262,http://fieldguides.fieldmuseum.org/guides/guide/262,Amphibians and Reptiles of Loreto,Anfibios y Reptiles de Loreto,555623630,61e0aea9-9549-499b-88a6-f7de6916c697
Peru,Maijuna Kichwa,751,fg_751,http://fieldguides.fieldmuseum.org/guides/guide/751,Amphibians and Reptiles of the Algodón River,Anfibios y Reptiles del Río Algodón,555623630,61e0aea9-9549-499b-88a6-f7de6916c697
Peru,Maijuna Kichwa,862,fg_862,http://fieldguides.fieldmuseum.org/guides/guide/862,Common Plants of the Putumayo-Algodón,Plantas Comunes del Medio Putumayo-Algodón,555623630,61e0aea9-9549-499b-88a6-f7de6916c697
Peru,Maijuna Kichwa,583,fg_583,http://fieldguides.fieldmuseum.org/guides/guide/583,"Fishes of the Ere, Campuya, and Algodón Rivers","Peces de los Ríos Ere, Campuya y Algodón",555623630,61e0aea9-9549-499b-88a6-f7de6916c697
Peru,Maijuna Kichwa,508,fg_508,http://fieldguides.fieldmuseum.org/guides/guide/508,Medicinal Plants of Ere-Campuya,Plantas Medicinales de Ere-Campuya,555623630,61e0aea9-9549-499b-88a6-f7de6916c697
Peru,Maijuna Kichwa,504,fg_504,http://fieldguides.fieldmuseum.org/guides/guide/504,"Plants of the Ere, Campuya and Algodón Rivers","Plantas de los Ríos Ere, Campuya y Algodón",555623630,61e0aea9-9549-499b-88a6-f7de6916c697
Peru,Manu,461,fg_461,http://fieldguides.fieldmuseum.org/guides/guide/461,"Amphibians of Acjanaco, Wayqecha, Pillahuata","Anfibios de Acjanaco, Wayqecha, Pillahuata",257,7b792815-b12a-40c7-b3bc-b36ed3f7b745
Peru,Manu,740,fg_740,http://fieldguides.fieldmuseum.org/guides/guide/740,Amphibians of Cocha Cashu Biological Station,Anfibios de la Estación Biológica Cocha Cashu,257,7b792815-b12a-40c7-b3bc-b36ed3f7b745
Peru,Manu,236,fg_236,http://fieldguides.fieldmuseum.org/guides/guide/236,Amphibians of Manu and Tambopata,Anfibios de Madre de Dios,257,7b792815-b12a-40c7-b3bc-b36ed3f7b745
Peru,Manu,645,fg_645,http://fieldguides.fieldmuseum.org/guides/guide/645,Amphibians of Manu Learning Centre,Anfibios de Manu Learning Centre,257,7b792815-b12a-40c7-b3bc-b36ed3f7b745
Peru,Manu,256,fg_256,http://fieldguides.fieldmuseum.org/guides/guide/256,Ant Birds of Peru and Bolivia,Pájaros Hormigueros del Perú y Bolivia,257,7b792815-b12a-40c7-b3bc-b36ed3f7b745
Peru,Manu,514,fg_514,http://fieldguides.fieldmuseum.org/guides/guide/514,Avian Nesting along an Altitudinal Gradient in Manu National Park,"Anidación de Aves en una Gradiente Altitudinal, Parque Nacional Manu",257,7b792815-b12a-40c7-b3bc-b36ed3f7b745
Peru,Manu,886,fg_886,http://fieldguides.fieldmuseum.org/guides/guide/886,Bats of Cocha Cashu Biological Station,Murciélagos de la Estación Biológica Cocha Cashu,257,7b792815-b12a-40c7-b3bc-b36ed3f7b745
Peru,Manu,100,fg_100,http://fieldguides.fieldmuseum.org/guides/guide/100,"Conspicuous Plants of Acjanaco, Cosñipata","Plantas Llamativas de Acjanaco, Cosñipata",257,7b792815-b12a-40c7-b3bc-b36ed3f7b745
Peru,Manu,102,fg_102,http://fieldguides.fieldmuseum.org/guides/guide/102,"Conspicuous Plants of Pillahuata, Cosñipata","Plantas Llamativas de Pillahuata, Cosñipata",257,7b792815-b12a-40c7-b3bc-b36ed3f7b745
Peru,Manu,104,fg_104,http://fieldguides.fieldmuseum.org/guides/guide/104,"Conspicuous Plants of San Pedro, Cosñipata","Plantas Llamativas de San Pedro, Cosñipata",257,7b792815-b12a-40c7-b3bc-b36ed3f7b745
Peru,Manu,413,fg_413,http://fieldguides.fieldmuseum.org/guides/guide/413,Dung Beetles of Cocha Cashu Biological Station,Escarabajos Coprófagos de Cocha Cashu,257,7b792815-b12a-40c7-b3bc-b36ed3f7b745
Peru,Manu,685,fg_685,http://fieldguides.fieldmuseum.org/guides/guide/685,"Epidendrum (Orchidaceae) of Cusco, Madre de Dios, and Puno","Epidendrum (Orchidaceae) de Cusco, Madre de Dios y Puno",257,7b792815-b12a-40c7-b3bc-b36ed3f7b745
Peru,Manu,205,fg_205,http://fieldguides.fieldmuseum.org/guides/guide/205,Fish of Cocha Cashu,Peces de Cocha Cashu,257,7b792815-b12a-40c7-b3bc-b36ed3f7b745
Peru,Manu,759,fg_759,http://fieldguides.fieldmuseum.org/guides/guide/759,Foods Eaten by Woolly Monkeys in Madre de Dios,Plantas Consumidas por los Monos Choro (Lagothrix cana) en Madre de Dios,257,7b792815-b12a-40c7-b3bc-b36ed3f7b745
Peru,Manu,241,fg_241,http://fieldguides.fieldmuseum.org/guides/guide/241,Fruits of Cocha Cashu,Frutos de Cocha Cashu,257,7b792815-b12a-40c7-b3bc-b36ed3f7b745
Peru,Manu,525,fg_525,http://fieldguides.fieldmuseum.org/guides/guide/525,Fungi of Cocha Cashu,Hongos de Cocha Cashu,257,7b792815-b12a-40c7-b3bc-b36ed3f7b745
Peru,Manu,580,fg_580,http://fieldguides.fieldmuseum.org/guides/guide/580,Herpetofauna of Manu Wildlife Center,Herpetofauna de Manu Wildlife Center,257,7b792815-b12a-40c7-b3bc-b36ed3f7b745
Peru,Manu,230,fg_230,http://fieldguides.fieldmuseum.org/guides/guide/230,Hummingbirds of Madre de Dios,Colibríes de Madre de Dios,257,7b792815-b12a-40c7-b3bc-b36ed3f7b745
Peru,Manu,231,fg_231,http://fieldguides.fieldmuseum.org/guides/guide/231,Large Mammals of Loreto,Mamíferos Grandes de Madre de Dios,257,7b792815-b12a-40c7-b3bc-b36ed3f7b745
Peru,Manu,101,fg_101,http://fieldguides.fieldmuseum.org/guides/guide/101,"More Plants of Acjanaco, Cosñipata","Más Plantas de Acjanaco, Cosñipata",257,7b792815-b12a-40c7-b3bc-b36ed3f7b745
Peru,Manu,103,fg_103,http://fieldguides.fieldmuseum.org/guides/guide/103,"More Plants of Pillahuata, Cosñipata","Más Plantas de Pillahuata, Cosñipata",257,7b792815-b12a-40c7-b3bc-b36ed3f7b745
Peru,Manu,105,fg_105,http://fieldguides.fieldmuseum.org/guides/guide/105,"More Plants of San Pedro, Cosñipata","Más Plantas de San Pedro, Cosñipata",257,7b792815-b12a-40c7-b3bc-b36ed3f7b745
Peru,Manu,194,fg_194,http://fieldguides.fieldmuseum.org/guides/guide/194,Reptiles of Madre de Dios,Reptiles de Madre de Dios,257,7b792815-b12a-40c7-b3bc-b36ed3f7b745
Peru,Manu,644,fg_644,http://fieldguides.fieldmuseum.org/guides/guide/644,Reptiles of Manu Learning Centre,Reptiles de Manu Learning Centre,257,7b792815-b12a-40c7-b3bc-b36ed3f7b745
Peru,Manu,243,fg_243,http://fieldguides.fieldmuseum.org/guides/guide/243,Seedlings of Cocha Cashu,Plántulas de Cocha Cashu,257,7b792815-b12a-40c7-b3bc-b36ed3f7b745
Peru,Manu,242,fg_242,http://fieldguides.fieldmuseum.org/guides/guide/242,Seeds of Cocha Cashu,Semillas de Cocha Cashu,257,7b792815-b12a-40c7-b3bc-b36ed3f7b745
Peru,Manu,182,fg_182,http://fieldguides.fieldmuseum.org/guides/guide/182,Tree Ferns of Cosñipata-Trocha Unión,"Helechos Arbóreos de la Trocha Unión, Cosñipata",257,7b792815-b12a-40c7-b3bc-b36ed3f7b745
Peru,Manu,280,fg_280,http://fieldguides.fieldmuseum.org/guides/guide/280,Vochysiaceae of Southeastern Peru,Vochysiaceae del Sureste del Perú,257,7b792815-b12a-40c7-b3bc-b36ed3f7b745
Peru,Matsés,245,fg_245,http://fieldguides.fieldmuseum.org/guides/guide/245,40 Common Trees of Jenaro Herrera,40 Árboles Comunes de Jenaro Herrera,555544085,052c77aa-f783-4703-bfcd-1b1f90efc111
Peru,Matsés,286,fg_286,http://fieldguides.fieldmuseum.org/guides/guide/286,Amphibians and Reptiles of Jenaro Herrera,Anfibios y Reptiles de Jenaro Herrera,555544085,052c77aa-f783-4703-bfcd-1b1f90efc111
Peru,Matsés,262,fg_262,http://fieldguides.fieldmuseum.org/guides/guide/262,Amphibians and Reptiles of Loreto,Anfibios y Reptiles de Loreto,555544085,052c77aa-f783-4703-bfcd-1b1f90efc111
Peru,Matsés,484,fg_484,http://fieldguides.fieldmuseum.org/guides/guide/484,Amphibians and Reptiles of the Tapiche-Blanco Region,Anfibios y Reptiles en el Interfluvio de los Ríos Tapiche y Blanco,555544085,052c77aa-f783-4703-bfcd-1b1f90efc111
Peru,Matsés,705,fg_705,http://fieldguides.fieldmuseum.org/guides/guide/705,Common Plants of the Tapiche and Blanco Rivers,Plantas Comunes del Interfluvio Tapiche-Blanco,555544085,052c77aa-f783-4703-bfcd-1b1f90efc111
Peru,Otishi,791,fg_791,http://fieldguides.fieldmuseum.org/guides/guide/791,Common Plants of the Lower Urubamba River,Plantas Comunes del Bosque Amazónico del Bajo Río Urubamba,303323,144a0602-2b19-477a-95d4-865c3c0f9f1a
Peru,Pacaya Samiria,262,fg_262,http://fieldguides.fieldmuseum.org/guides/guide/262,Amphibians and Reptiles of Loreto,Anfibios y Reptiles de Loreto,249,e23216f2-e8fc-47bf-a4b5-a5e56230b500
Peru,Pacaya Samiria,731,fg_731,http://fieldguides.fieldmuseum.org/guides/guide/731,Trees and Shrubs of Yurimaguas,Árboles y Arbustos Comunes de Yurimaguas,249,e23216f2-e8fc-47bf-a4b5-a5e56230b500
Peru,Pampa Galeras Barbara D´ Achille,405,fg_405,http://fieldguides.fieldmuseum.org/guides/guide/405,Plants of Laguna de Parinacochas,Plantas de la Laguna de Parinacochas y sus Alrededores,251,22ac8ea2-b79c-47e3-bec5-9720830a6617
Peru,Paracas,175,fg_175,http://fieldguides.fieldmuseum.org/guides/guide/175,Birds of Islas Ballestas Birds and Lizards of Paracas,"Aves de las Islas Ballestas, Lagartijas de Paracas",68137,bce2c4f6-90e9-4750-9e8a-fdf4d2f700cb
Peru,Pucacuro,262,fg_262,http://fieldguides.fieldmuseum.org/guides/guide/262,Amphibians and Reptiles of Loreto,Anfibios y Reptiles de Loreto,98228,02d64653-12af-429c-9a5f-5c358c6c9c11
Peru,San Matias San Carlos,359,fg_359,http://fieldguides.fieldmuseum.org/guides/guide/359,Common and Useful Woody Species of Ucayali,Árboles y Arbustos Útiles y Comunes de la Región Ucayali,20182,8edd84b3-4fe0-487d-b039-41fd070de0ae
Peru,San Matias San Carlos,96,fg_96,http://fieldguides.fieldmuseum.org/guides/guide/96,"Common Plants of Palcazu, Yanachaga","Plantas de la Cuenca del Palcazu, Yanachaga",20182,8edd84b3-4fe0-487d-b039-41fd070de0ae
Peru,San Matias San Carlos,820,fg_820,http://fieldguides.fieldmuseum.org/guides/guide/820,Useful Palms of Ucayali,Palmeras Útiles,20182,8edd84b3-4fe0-487d-b039-41fd070de0ae
Peru,Santiago Comaina,363,fg_363,http://fieldguides.fieldmuseum.org/guides/guide/363,Amphibians and Reptiles of Kampankis,Anfibios y Reptiles de Kampankis,168280,dd21026c-87f4-478c-82ea-03c93444e24d
Peru,Santiago Comaina,262,fg_262,http://fieldguides.fieldmuseum.org/guides/guide/262,Amphibians and Reptiles of Loreto,Anfibios y Reptiles de Loreto,168280,dd21026c-87f4-478c-82ea-03c93444e24d
Peru,Santiago Comaina,730,fg_730,http://fieldguides.fieldmuseum.org/guides/guide/730,Common Trees of the Northern Pipeline (Morona Sector) of Loreto,"Árboles Comunes del Oleoducto Norperuano, Sector Morona",168280,dd21026c-87f4-478c-82ea-03c93444e24d
Peru,Sierra del Divisor,262,fg_262,http://fieldguides.fieldmuseum.org/guides/guide/262,Amphibians and Reptiles of Loreto,Anfibios y Reptiles de Loreto,555544105,b9962364-de9a-4f23-bed0-76bcece09f43
Peru,Sierra del Divisor,484,fg_484,http://fieldguides.fieldmuseum.org/guides/guide/484,Amphibians and Reptiles of the Tapiche-Blanco Region,Anfibios y Reptiles en el Interfluvio de los Ríos Tapiche y Blanco,555544105,b9962364-de9a-4f23-bed0-76bcece09f43
Peru,Sierra del Divisor,359,fg_359,http://fieldguides.fieldmuseum.org/guides/guide/359,Common and Useful Woody Species of Ucayali,Árboles y Arbustos Útiles y Comunes de la Región Ucayali,555544105,b9962364-de9a-4f23-bed0-76bcece09f43
Peru,Sierra del Divisor,705,fg_705,http://fieldguides.fieldmuseum.org/guides/guide/705,Common Plants of the Tapiche and Blanco Rivers,Plantas Comunes del Interfluvio Tapiche-Blanco,555544105,b9962364-de9a-4f23-bed0-76bcece09f43
Peru,Sierra del Divisor,820,fg_820,http://fieldguides.fieldmuseum.org/guides/guide/820,Useful Palms of Ucayali,Palmeras Útiles,555544105,b9962364-de9a-4f23-bed0-76bcece09f43
Peru,Sub Cuenca del Cotahuasi,160,fg_160,http://fieldguides.fieldmuseum.org/guides/guide/160,Common Plants of the Valle del Cotahuasi,Plantas Comunes del Cañon del Cotahuasi,98159,4efb4311-fc06-4b71-9309-2b331ef0f464
Peru,Sub Cuenca del Cotahuasi,55,fg_55,http://fieldguides.fieldmuseum.org/guides/guide/55,Conspicuous Plants of the Valle del Colca,Plantas Llamativas del Valle del Colca,98159,4efb4311-fc06-4b71-9309-2b331ef0f464
Peru,Sub Cuenca del Cotahuasi,405,fg_405,http://fieldguides.fieldmuseum.org/guides/guide/405,Plants of Laguna de Parinacochas,Plantas de la Laguna de Parinacochas y sus Alrededores,98159,4efb4311-fc06-4b71-9309-2b331ef0f464
Peru,Tambopata,236,fg_236,http://fieldguides.fieldmuseum.org/guides/guide/236,Amphibians of Manu and Tambopata,Anfibios de Madre de Dios,3370,2e6ce6d5-0a77-43ef-b704-8569c016879f
Peru,Tambopata,256,fg_256,http://fieldguides.fieldmuseum.org/guides/guide/256,Ant Birds of Peru and Bolivia,Pájaros Hormigueros del Perú y Bolivia,3370,2e6ce6d5-0a77-43ef-b704-8569c016879f
Peru,Tambopata,685,fg_685,http://fieldguides.fieldmuseum.org/guides/guide/685,"Epidendrum (Orchidaceae) of Cusco, Madre de Dios, and Puno","Epidendrum (Orchidaceae) de Cusco, Madre de Dios y Puno",3370,2e6ce6d5-0a77-43ef-b704-8569c016879f
Peru,Tambopata,787,fg_787,http://fieldguides.fieldmuseum.org/guides/guide/787,Frogs and Reptiles of the Taricaya Ecological Reserve,Ranas y Reptiles de la Reserva Ecológica Taricaya,3370,2e6ce6d5-0a77-43ef-b704-8569c016879f
Peru,Tambopata,165,fg_165,http://fieldguides.fieldmuseum.org/guides/guide/165,Frogs and Toads of Tambopata,Ranas Comunes de Tambopata,3370,2e6ce6d5-0a77-43ef-b704-8569c016879f
Peru,Tambopata,230,fg_230,http://fieldguides.fieldmuseum.org/guides/guide/230,Hummingbirds of Madre de Dios,Colibríes de Madre de Dios,3370,2e6ce6d5-0a77-43ef-b704-8569c016879f
Peru,Tambopata,231,fg_231,http://fieldguides.fieldmuseum.org/guides/guide/231,Large Mammals of Loreto,Mamíferos Grandes de Madre de Dios,3370,2e6ce6d5-0a77-43ef-b704-8569c016879f
Peru,Tambopata,876,fg_876,http://fieldguides.fieldmuseum.org/guides/guide/876,Plants of Gallocunca Conservation Forest,Plantas del Bosque de Conservación Gallocunca,3370,2e6ce6d5-0a77-43ef-b704-8569c016879f
Peru,Tambopata,194,fg_194,http://fieldguides.fieldmuseum.org/guides/guide/194,Reptiles of Madre de Dios,Reptiles de Madre de Dios,3370,2e6ce6d5-0a77-43ef-b704-8569c016879f
Peru,Tambopata,280,fg_280,http://fieldguides.fieldmuseum.org/guides/guide/280,Vochysiaceae of Southeastern Peru,Vochysiaceae del Sureste del Perú,3370,2e6ce6d5-0a77-43ef-b704-8569c016879f
Peru,Tingo María,605,fg_605,http://fieldguides.fieldmuseum.org/guides/guide/605,Common Orthoptera of Tingo Maria,Orthoptera Comunes de Tingo María,260,d5081a46-f05d-4662-b05d-299c5f5de28f
Peru,Tingo María,966,fg_966,http://fieldguides.fieldmuseum.org/guides/guide/966,Orchids of Tingo María National Park,Orchidaceae del Parque Nacional Tingo María,260,d5081a46-f05d-4662-b05d-299c5f5de28f
Peru,Yaguas,262,fg_262,http://fieldguides.fieldmuseum.org/guides/guide/262,Amphibians and Reptiles of Loreto,Anfibios y Reptiles de Loreto,555544104,f83d9875-f59e-4955-be58-5e421067d3ec
Peru,Yaguas,751,fg_751,http://fieldguides.fieldmuseum.org/guides/guide/751,Amphibians and Reptiles of the Algodón River,Anfibios y Reptiles del Río Algodón,555544104,f83d9875-f59e-4955-be58-5e421067d3ec
Peru,Yaguas,862,fg_862,http://fieldguides.fieldmuseum.org/guides/guide/862,Common Plants of the Putumayo-Algodón,Plantas Comunes del Medio Putumayo-Algodón,555544104,f83d9875-f59e-4955-be58-5e421067d3ec
Peru,Yaguas,299,fg_299,http://fieldguides.fieldmuseum.org/guides/guide/299,Fishes of the Yaguas River,Peces del Río Yaguas,555544104,f83d9875-f59e-4955-be58-5e421067d3ec
Peru,Yaguas,397,fg_397,http://fieldguides.fieldmuseum.org/guides/guide/397,Large Mammals of the Yaguas and Cotuhé Rivers,Mamíferos Grandes de los Ríos Yaguas y Cotuhé,555544104,f83d9875-f59e-4955-be58-5e421067d3ec
Peru,Yaguas,295,fg_295,http://fieldguides.fieldmuseum.org/guides/guide/295,Palms of the Yaguas River,Palmas del Río Yaguas,555544104,f83d9875-f59e-4955-be58-5e421067d3ec
Peru,Yaguas,296,fg_296,http://fieldguides.fieldmuseum.org/guides/guide/296,Timber Trees of the Yaguas River,Árboles Maderables del Río Yaguas,555544104,f83d9875-f59e-4955-be58-5e421067d3ec
Peru,Yanachaga-Chemillén,738,fg_738,http://fieldguides.fieldmuseum.org/guides/guide/738,Amphibians of Yanachaga-Chemillén National Park,Anfibios del Parque Nacional Yanachaga-Chemillén,12213,9b42de41-e826-4c50-9441-cb4bc711a610
Peru,Yanachaga-Chemillén,95,fg_95,http://fieldguides.fieldmuseum.org/guides/guide/95,"Common Plants of Cerro Pajonal, Yanachaga","Plantas del Cerro Pajonal, Yanachaga",12213,9b42de41-e826-4c50-9441-cb4bc711a610
Peru,Yanachaga-Chemillén,96,fg_96,http://fieldguides.fieldmuseum.org/guides/guide/96,"Common Plants of Palcazu, Yanachaga","Plantas de la Cuenca del Palcazu, Yanachaga",12213,9b42de41-e826-4c50-9441-cb4bc711a610
Peru,Yanachaga-Chemillén,97,fg_97,http://fieldguides.fieldmuseum.org/guides/guide/97,"Common Plants of Sta. Barbara, Yanachaga","Plantas de La Misericordia y Sta. Barbara, Yanachaga",12213,9b42de41-e826-4c50-9441-cb4bc711a610
Peru,Yanachaga-Chemillén,93,fg_93,http://fieldguides.fieldmuseum.org/guides/guide/93,Conspicuous Plants of Huancabamba,"Plantas Llamativas del Cañón de Huancabamba, Yanachaga",12213,9b42de41-e826-4c50-9441-cb4bc711a610
Peru,Yanachaga-Chemillén,91,fg_91,http://fieldguides.fieldmuseum.org/guides/guide/91,"Conspicuous Plants of San Alberto, Yanachaga","Plantas Llamativas de la Cuenca de San Alberto, Yanachaga",12213,9b42de41-e826-4c50-9441-cb4bc711a610
Peru,Yanachaga-Chemillén,92,fg_92,http://fieldguides.fieldmuseum.org/guides/guide/92,"More Plants of San Alberto, Yanachaga","Más Plantas de la Cuenca de San Alberto, Yanachaga",12213,9b42de41-e826-4c50-9441-cb4bc711a610
Peru,Yanachaga-Chemillén,94,fg_94,http://fieldguides.fieldmuseum.org/guides/guide/94,"Plants of the Estación Biológica Huampal, Yanachaga","Plantas de la Estación Biológica Huampal, Yanachaga",12213,9b42de41-e826-4c50-9441-cb4bc711a610
